Должность,Зарплата,Компания,Ссылка,ЗП_От,ЗП_До,Валюта,ЗП_Средняя
Финансовый аналитик (трейдер),Без опыта Можно удалённо,ООО SBAM TRADE,https://spb.hh.ru/vacancy/136736448?query=%D0%90%D0%BD%D0%B0%D0%BB%D0%B8%D1%82%D0%B8%D0%BA+%D0%B4%D0%B0%D0%BD%D0%BD%D1%8B%D1%85&hhtmFrom=vacancy_search_list,,,,
Junior разработчик BI,"70 000 – 110 000 ₽ за месяц, на руки Без опыта Можно удалённо",ООО InfoVizion,https://spb.hh.ru/vacancy/136193666?query=%D0%90%D0%BD%D0%B0%D0%BB%D0%B8%D1%82%D0%B8%D0%BA+%D0%B4%D0%B0%D0%BD%D0%BD%D1%8B%D1%85&hhtmFrom=vacancy_search_list,70000.0,110000.0,RUB,90000.0
BI-аналитик,Опыт 1-3 года Можно удалённо,АКРОН ХОЛДИНГ,https://spb.hh.ru/vacancy/136780883?query=%D0%90%D0%BD%D0%B0%D0%BB%D0%B8%D1%82%D0%B8%D0%BA+%D0%B4%D0%B0%D0%BD%D0%BD%D1%8B%D1%85&hhtmFrom=vacancy_search_list,,,,
Аналитик данных (логистика),Опыт 1-3 года Можно удалённо,Ozon Офис и Коммерция,https://spb.hh.ru/vacancy/136717650?query=%D0%90%D0%BD%D0%B0%D0%BB%D0%B8%D1%82%D0%B8%D0%BA+%D0%B4%D0%B0%D0%BD%D0%BD%D1%8B%D1%85&hhtmFrom=vacancy_search_list,,,,
Аналитик продаж в сеть СПА-салонов,Опыт 1-3 года Можно удалённо,ООО Абаканская Маркетинговая Компания,https://spb.hh.ru/vacancy/136798561?query=%D0%90%D0%BD%D0%B0%D0%BB%D0%B8%D1%82%D0%B8%D0%BA+%D0%B4%D0%B0%D0%BD%D0%BD%D1%8B%D1%85&hhtmFrom=vacancy_search_list,,,,
Data engineer (Стажер),Без опыта Можно удалённо,Sapiens solutions,https://spb.hh.ru/vacancy/136125082?query=%D0%90%D0%BD%D0%B0%D0%BB%D0%B8%D1%82%D0%B8%D0%BA+%D0%B4%D0%B0%D0%BD%D0%BD%D1%8B%D1%85&hhtmFrom=vacancy_search_list,,,,
Аналитик данных (ученик),"от 80 000 ₽ за месяц, до вычета налогов Без опыта Можно удалённо",Aston,https://spb.hh.ru/vacancy/136631416?query=%D0%90%D0%BD%D0%B0%D0%BB%D0%B8%D1%82%D0%B8%D0%BA+%D0%B4%D0%B0%D0%BD%D0%BD%D1%8B%D1%85&hhtmFrom=vacancy_search_list,80000.0,,RUB,80000.0
Аналитик данных (финансы),Опыт 1-3 года Можно удалённо,UZUM TECHNOLOGIES. IT,https://spb.hh.ru/vacancy/136703401?query=%D0%90%D0%BD%D0%B0%D0%BB%D0%B8%D1%82%D0%B8%D0%BA+%D0%B4%D0%B0%D0%BD%D0%BD%D1%8B%D1%85&hhtmFrom=vacancy_search_list,,,,
Аналитик данных,Без опыта Можно удалённо,Тарба Виталий Георгиевич,https://spb.hh.ru/vacancy/136535913?query=%D0%90%D0%BD%D0%B0%D0%BB%D0%B8%D1%82%D0%B8%D0%BA+%D0%B4%D0%B0%D0%BD%D0%BD%D1%8B%D1%85&hhtmFrom=vacancy_search_list,,,,
Помощник категорийного менеджера/ аналитик на маркетплейсы,"60 000 – 100 000 ₽ за месяц, до вычета налогов Опыт 1-3 года Можно удалённо Выплаты: Два раза в месяц",Изобилие мясо,https://spb.hh.ru/vacancy/136635624?query=%D0%90%D0%BD%D0%B0%D0%BB%D0%B8%D1%82%D0%B8%D0%BA+%D0%B4%D0%B0%D0%BD%D0%BD%D1%8B%D1%85&hhtmFrom=vacancy_search_list,,60000.0,RUB,60000.0
Data Analyst,Опыт 1-3 года Можно удалённо,Сравни,https://spb.hh.ru/vacancy/136602656?query=%D0%90%D0%BD%D0%B0%D0%BB%D0%B8%D1%82%D0%B8%D0%BA+%D0%B4%D0%B0%D0%BD%D0%BD%D1%8B%D1%85&hhtmFrom=vacancy_search_list,,,,
Маркетинговый аналитик,Опыт 1-3 года Можно удалённо,СВОЙ,https://spb.hh.ru/vacancy/135080574?query=%D0%90%D0%BD%D0%B0%D0%BB%D0%B8%D1%82%D0%B8%D0%BA+%D0%B4%D0%B0%D0%BD%D0%BD%D1%8B%D1%85&hhtmFrom=vacancy_search_list,,,,
Аналитик-лингвист (скриптолог),"от 60 000 ₽ за месяц, до вычета налогов Без опыта Можно удалённо Выплаты: Два раза в месяц",KVINT,https://spb.hh.ru/vacancy/136645060?query=%D0%90%D0%BD%D0%B0%D0%BB%D0%B8%D1%82%D0%B8%D0%BA+%D0%B4%D0%B0%D0%BD%D0%BD%D1%8B%D1%85&hhtmFrom=vacancy_search_list,60000.0,,RUB,60000.0
Младший бизнес-аналитик,Без опыта Можно удалённо,ООО Точка Качества,https://spb.hh.ru/vacancy/134607015?query=%D0%90%D0%BD%D0%B0%D0%BB%D0%B8%D1%82%D0%B8%D0%BA+%D0%B4%D0%B0%D0%BD%D0%BD%D1%8B%D1%85&hhtmFrom=vacancy_search_list,,,,
Аналитик маркетплейсов/e-commerce Ozon/WB,"от 90 000 ₽ за месяц, до вычета налогов Опыт 1-3 года Можно удалённо Выплаты: Два раза в месяц",ИП Сиванкаева Наталия Сергеевна,https://spb.hh.ru/vacancy/136610719?query=%D0%90%D0%BD%D0%B0%D0%BB%D0%B8%D1%82%D0%B8%D0%BA+%D0%B4%D0%B0%D0%BD%D0%BD%D1%8B%D1%85&hhtmFrom=vacancy_search_list,90000.0,,RUB,90000.0
Game Analyst на мобильную RTS,Без опыта Можно удалённо,Gear Games,https://spb.hh.ru/vacancy/135422140?query=%D0%90%D0%BD%D0%B0%D0%BB%D0%B8%D1%82%D0%B8%D0%BA+%D0%B4%D0%B0%D0%BD%D0%BD%D1%8B%D1%85&hhtmFrom=vacancy_search_list,,,,
Аналитик данных,Опыт 1-3 года Можно удалённо,Coleman Group,https://spb.hh.ru/vacancy/135997211?query=%D0%90%D0%BD%D0%B0%D0%BB%D0%B8%D1%82%D0%B8%D0%BA+%D0%B4%D0%B0%D0%BD%D0%BD%D1%8B%D1%85&hhtmFrom=vacancy_search_list,,,,
Младший менеджер проектов в стрим стратегической аналитики,"от 55 000 ₽ за месяц, на руки Опыт 1-3 года Можно удалённо",Яндекс Крауд: Поддержка,https://spb.hh.ru/vacancy/136648644?query=%D0%90%D0%BD%D0%B0%D0%BB%D0%B8%D1%82%D0%B8%D0%BA+%D0%B4%D0%B0%D0%BD%D0%BD%D1%8B%D1%85&hhtmFrom=vacancy_search_list,55000.0,,RUB,55000.0
Старший продуктовый аналитик,"100 000 – 150 000 ₽ за месяц, на руки Опыт 1-3 года Можно удалённо Выплаты: Два раза в месяц",ООО АэроТур,https://spb.hh.ru/vacancy/136360036?query=%D0%90%D0%BD%D0%B0%D0%BB%D0%B8%D1%82%D0%B8%D0%BA+%D0%B4%D0%B0%D0%BD%D0%BD%D1%8B%D1%85&hhtmFrom=vacancy_search_list,100000.0,150000.0,RUB,125000.0
Клиентский аналитик,"от 30 000 ₽ за месяц, на руки Без опыта Можно удалённо",ООО Самолов Груп,https://spb.hh.ru/vacancy/136482038?query=%D0%90%D0%BD%D0%B0%D0%BB%D0%B8%D1%82%D0%B8%D0%BA+%D0%B4%D0%B0%D0%BD%D0%BD%D1%8B%D1%85&hhtmFrom=vacancy_search_list,30000.0,,RUB,30000.0
Коммерческий аналитик,"до 100 000 ₽ за месяц, до вычета налогов Опыт 1-3 года Можно удалённо Выплаты: Два раза в месяц",Группа Компаний «Аскона» | Офис,https://spb.hh.ru/vacancy/136476783?query=%D0%90%D0%BD%D0%B0%D0%BB%D0%B8%D1%82%D0%B8%D0%BA+%D0%B4%D0%B0%D0%BD%D0%BD%D1%8B%D1%85&hhtmFrom=vacancy_search_list,,100000.0,RUB,100000.0
Менеджер по работе с маркетплейсами (Вайлдберрис) аналитик,"80 000 – 150 000 ₽ за месяц, на руки Опыт 1-3 года Можно удалённо Выплаты: Два раза в месяц",Мельник Александр Олегович,https://spb.hh.ru/vacancy/136649543?query=%D0%90%D0%BD%D0%B0%D0%BB%D0%B8%D1%82%D0%B8%D0%BA+%D0%B4%D0%B0%D0%BD%D0%BD%D1%8B%D1%85&hhtmFrom=vacancy_search_list,80000.0,150000.0,RUB,115000.0
Аналитик товаров на маркетплейсы,"70 000 – 150 000 ₽ за месяц, до вычета налогов Опыт 1-3 года Можно удалённо Выплаты: Два раза в месяц",ИП Пахомов Андрей Юрьевич,https://spb.hh.ru/vacancy/136117269?query=%D0%90%D0%BD%D0%B0%D0%BB%D0%B8%D1%82%D0%B8%D0%BA+%D0%B4%D0%B0%D0%BD%D0%BD%D1%8B%D1%85&hhtmFrom=vacancy_search_list,,70000.0,RUB,70000.0
Младший менеджер проектов в стрим стратегической аналитики,"от 55 000 ₽ за месяц, на руки Опыт 1-3 года Можно удалённо",Яндекс Крауд: Поддержка,https://spb.hh.ru/vacancy/136648645?query=%D0%90%D0%BD%D0%B0%D0%BB%D0%B8%D1%82%D0%B8%D0%BA+%D0%B4%D0%B0%D0%BD%D0%BD%D1%8B%D1%85&hhtmFrom=vacancy_search_list,55000.0,,RUB,55000.0
Младший аналитик / Ассистент по аналитике Ozon,"от 20 000 ₽ за месяц, на руки Без опыта Можно удалённо Выплаты: Два раза в месяц",Разорёнова Полина Олеговна,https://spb.hh.ru/vacancy/136265279?query=%D0%90%D0%BD%D0%B0%D0%BB%D0%B8%D1%82%D0%B8%D0%BA+%D0%B4%D0%B0%D0%BD%D0%BD%D1%8B%D1%85&hhtmFrom=vacancy_search_list,20000.0,,RUB,20000.0
Финансовый аналитик / специалист по сверкам и платежам,"800 – 900 € за месяц, на руки Опыт 1-3 года Можно удалённо Выплаты: Раз в месяц",ООО Мара-Девелопмент,https://spb.hh.ru/vacancy/135851859?query=%D0%90%D0%BD%D0%B0%D0%BB%D0%B8%D1%82%D0%B8%D0%BA+%D0%B4%D0%B0%D0%BD%D0%BD%D1%8B%D1%85&hhtmFrom=vacancy_search_list,800.0,900.0,EUR,850.0
Системный аналитик (стажер),"от 60 000 ₽ за месяц, до вычета налогов Без опыта Можно удалённо",Aston,https://spb.hh.ru/vacancy/136675763?query=%D0%90%D0%BD%D0%B0%D0%BB%D0%B8%D1%82%D0%B8%D0%BA+%D0%B4%D0%B0%D0%BD%D0%BD%D1%8B%D1%85&hhtmFrom=vacancy_search_list,60000.0,,RUB,60000.0
Специалист по логистической-аналитике,"90 000 – 110 000 ₽ за месяц, на руки Опыт 1-3 года Можно удалённо Выплаты: Два раза в месяц",GTS,https://spb.hh.ru/vacancy/135260470?query=%D0%90%D0%BD%D0%B0%D0%BB%D0%B8%D1%82%D0%B8%D0%BA+%D0%B4%D0%B0%D0%BD%D0%BD%D1%8B%D1%85&hhtmFrom=vacancy_search_list,90000.0,110000.0,RUB,100000.0
Специалист по фитнес-аналитике,"от 25 000 ₽ за месяц, до вычета налогов Без опыта Можно удалённо",ООО СП Рустат,https://spb.hh.ru/vacancy/136583417?query=%D0%90%D0%BD%D0%B0%D0%BB%D0%B8%D1%82%D0%B8%D0%BA+%D0%B4%D0%B0%D0%BD%D0%BD%D1%8B%D1%85&hhtmFrom=vacancy_search_list,25000.0,,RUB,25000.0
"Руководитель отдела риск-анализа, Risk Manager","2 000 – 4 000 € за месяц, на руки Опыт 1-3 года Можно удалённо Выплаты: Раз в месяц",ТОО Orken Capital Fund,https://spb.hh.ru/vacancy/136398788?query=%D0%90%D0%BD%D0%B0%D0%BB%D0%B8%D1%82%D0%B8%D0%BA+%D0%B4%D0%B0%D0%BD%D0%BD%D1%8B%D1%85&hhtmFrom=vacancy_search_list,2000.0,4000.0,EUR,3000.0
Специалист отдела мониторинга (спортивный аналитик),Опыт 1-3 года Можно удалённо,Altenar,https://spb.hh.ru/vacancy/133701153?query=%D0%90%D0%BD%D0%B0%D0%BB%D0%B8%D1%82%D0%B8%D0%BA+%D0%B4%D0%B0%D0%BD%D0%BD%D1%8B%D1%85&hhtmFrom=vacancy_search_list,,,,
Data Analyst / Аналитик данных,"до 200 000 ₽ за месяц, на руки Опыт 1-3 года Можно удалённо Выплаты: Два раза в месяц",Генотек,https://spb.hh.ru/vacancy/135117849?query=%D0%90%D0%BD%D0%B0%D0%BB%D0%B8%D1%82%D0%B8%D0%BA+%D0%B4%D0%B0%D0%BD%D0%BD%D1%8B%D1%85&hhtmFrom=vacancy_search_list,,200000.0,RUB,200000.0
Специалист отдела мониторинга (спортивный аналитик),Опыт 1-3 года Можно удалённо,Altenar,https://spb.hh.ru/vacancy/131662633?query=%D0%90%D0%BD%D0%B0%D0%BB%D0%B8%D1%82%D0%B8%D0%BA+%D0%B4%D0%B0%D0%BD%D0%BD%D1%8B%D1%85&hhtmFrom=vacancy_search_list,,,,
Старший аналитик данных (портал gosuslugi.ru),Опыт 1-3 года Можно удалённо,РТЛабс,https://spb.hh.ru/vacancy/136371169?query=%D0%90%D0%BD%D0%B0%D0%BB%D0%B8%D1%82%D0%B8%D0%BA+%D0%B4%D0%B0%D0%BD%D0%BD%D1%8B%D1%85&hhtmFrom=vacancy_search_list,,,,
Системный аналитик (стажер),"от 60 000 ₽ за месяц, до вычета налогов Без опыта Можно удалённо",Aston,https://spb.hh.ru/vacancy/136625679?query=%D0%90%D0%BD%D0%B0%D0%BB%D0%B8%D1%82%D0%B8%D0%BA+%D0%B4%D0%B0%D0%BD%D0%BD%D1%8B%D1%85&hhtmFrom=vacancy_search_list,60000.0,,RUB,60000.0
Бизнес-аналитик (в отделе СМК),Опыт 1-3 года Можно удалённо,ООО К-Скай,https://spb.hh.ru/vacancy/136353395?query=%D0%90%D0%BD%D0%B0%D0%BB%D0%B8%D1%82%D0%B8%D0%BA+%D0%B4%D0%B0%D0%BD%D0%BD%D1%8B%D1%85&hhtmFrom=vacancy_search_list,,,,
Аналитик данных (Платформа анализа данных),Опыт 1-3 года Можно удалённо,ЭР-Телеком Холдинг,https://spb.hh.ru/vacancy/136249408?query=%D0%90%D0%BD%D0%B0%D0%BB%D0%B8%D1%82%D0%B8%D0%BA+%D0%B4%D0%B0%D0%BD%D0%BD%D1%8B%D1%85&hhtmFrom=vacancy_search_list,,,,
Аналитик данных (ученик),Без опыта Можно удалённо,Aston,https://spb.hh.ru/vacancy/135979782?query=%D0%90%D0%BD%D0%B0%D0%BB%D0%B8%D1%82%D0%B8%D0%BA+%D0%B4%D0%B0%D0%BD%D0%BD%D1%8B%D1%85&hhtmFrom=vacancy_search_list,,,,
Системный аналитик (стажер),"от 60 000 ₽ за месяц, до вычета налогов Без опыта Можно удалённо",Aston,https://spb.hh.ru/vacancy/136582701?query=%D0%90%D0%BD%D0%B0%D0%BB%D0%B8%D1%82%D0%B8%D0%BA+%D0%B4%D0%B0%D0%BD%D0%BD%D1%8B%D1%85&hhtmFrom=vacancy_search_list,60000.0,,RUB,60000.0
Аналитик данных (Data Scientist),Опыт 1-3 года Можно удалённо,Группа компаний НВМ,https://spb.hh.ru/vacancy/136265966?query=%D0%90%D0%BD%D0%B0%D0%BB%D0%B8%D1%82%D0%B8%D0%BA+%D0%B4%D0%B0%D0%BD%D0%BD%D1%8B%D1%85&hhtmFrom=vacancy_search_list,,,,
Аналитик 1С,"60 000 – 80 000 ₽ за месяц, на руки Опыт 1-3 года Можно удалённо Выплаты: Два раза в месяц",ООО Электроснаб-Кубань,https://spb.hh.ru/vacancy/136483573?query=%D0%90%D0%BD%D0%B0%D0%BB%D0%B8%D1%82%D0%B8%D0%BA+%D0%B4%D0%B0%D0%BD%D0%BD%D1%8B%D1%85&hhtmFrom=vacancy_search_list,60000.0,80000.0,RUB,70000.0
Аналитик-логист маркетплейсов,"от 75 000 ₽ за месяц, на руки Опыт 1-3 года Можно удалённо",ООО ФОЭС,https://spb.hh.ru/vacancy/136325724?query=%D0%90%D0%BD%D0%B0%D0%BB%D0%B8%D1%82%D0%B8%D0%BA+%D0%B4%D0%B0%D0%BD%D0%BD%D1%8B%D1%85&hhtmFrom=vacancy_search_list,75000.0,,RUB,75000.0
Аналитик качества данных,Опыт 1-3 года Можно удалённо,Московский Кредитный Банк. ИТ-специалисты,https://spb.hh.ru/vacancy/135867773?query=%D0%90%D0%BD%D0%B0%D0%BB%D0%B8%D1%82%D0%B8%D0%BA+%D0%B4%D0%B0%D0%BD%D0%BD%D1%8B%D1%85&hhtmFrom=vacancy_search_list,,,,
Системный аналитик (стажер),"от 60 000 ₽ за месяц, до вычета налогов Без опыта Можно удалённо",Aston,https://spb.hh.ru/vacancy/136477689?query=%D0%90%D0%BD%D0%B0%D0%BB%D0%B8%D1%82%D0%B8%D0%BA+%D0%B4%D0%B0%D0%BD%D0%BD%D1%8B%D1%85&hhtmFrom=vacancy_search_list,60000.0,,RUB,60000.0
Младший аналитик данных продукта RFBS,Опыт 1-3 года Можно удалённо,Ozon Офис и Коммерция,https://spb.hh.ru/vacancy/135078603?query=%D0%90%D0%BD%D0%B0%D0%BB%D0%B8%D1%82%D0%B8%D0%BA+%D0%B4%D0%B0%D0%BD%D0%BD%D1%8B%D1%85&hhtmFrom=vacancy_search_list,,,,
Ведущий аналитик,"до 96 000 ₽ за месяц, до вычета налогов Опыт 1-3 года Можно удалённо",Группа Компаний «Аскона» | Офис,https://spb.hh.ru/vacancy/136157119?query=%D0%90%D0%BD%D0%B0%D0%BB%D0%B8%D1%82%D0%B8%D0%BA+%D0%B4%D0%B0%D0%BD%D0%BD%D1%8B%D1%85&hhtmFrom=vacancy_search_list,,96000.0,RUB,96000.0
Специалист отдела мониторинга (спортивный аналитик),Опыт 1-3 года Можно удалённо,Altenar,https://spb.hh.ru/vacancy/136248889?query=%D0%90%D0%BD%D0%B0%D0%BB%D0%B8%D1%82%D0%B8%D0%BA+%D0%B4%D0%B0%D0%BD%D0%BD%D1%8B%D1%85&hhtmFrom=vacancy_search_list,,,,
BI-разработчик/ BI-аналитик(Junior+/Middle),Опыт 1-3 года Можно удалённо,FIX,https://spb.hh.ru/vacancy/135206389?query=%D0%90%D0%BD%D0%B0%D0%BB%D0%B8%D1%82%D0%B8%D0%BA+%D0%B4%D0%B0%D0%BD%D0%BD%D1%8B%D1%85&hhtmFrom=vacancy_search_list,,,,
Data Analyst Middle,Опыт 1-3 года Можно удалённо,Sputnik8,https://spb.hh.ru/vacancy/135891466?query=%D0%90%D0%BD%D0%B0%D0%BB%D0%B8%D1%82%D0%B8%D0%BA+%D0%B4%D0%B0%D0%BD%D0%BD%D1%8B%D1%85&hhtmFrom=vacancy_search_list,,,,
"Аналитик данных, Группа аналитики по рискам B2B, Ozon Bank",Опыт 1-3 года Можно удалённо,Ozon Банк,https://spb.hh.ru/vacancy/134981920?query=%D0%90%D0%BD%D0%B0%D0%BB%D0%B8%D1%82%D0%B8%D0%BA+%D0%B4%D0%B0%D0%BD%D0%BD%D1%8B%D1%85&hhtmFrom=vacancy_search_list,,,,
Системный аналитик (стажер),"от 60 000 ₽ за месяц, до вычета налогов Без опыта Можно удалённо",Aston,https://spb.hh.ru/vacancy/136290997?query=%D0%90%D0%BD%D0%B0%D0%BB%D0%B8%D1%82%D0%B8%D0%BA+%D0%B4%D0%B0%D0%BD%D0%BD%D1%8B%D1%85&hhtmFrom=vacancy_search_list,60000.0,,RUB,60000.0
Системный аналитик (стажер),"от 60 000 ₽ за месяц, до вычета налогов Без опыта Можно удалённо",Aston,https://spb.hh.ru/vacancy/136387845?query=%D0%90%D0%BD%D0%B0%D0%BB%D0%B8%D1%82%D0%B8%D0%BA+%D0%B4%D0%B0%D0%BD%D0%BD%D1%8B%D1%85&hhtmFrom=vacancy_search_list,60000.0,,RUB,60000.0
Младший тендерный аналитик / помощник просчетчика товарных закупок,"от 45 000 ₽ за месяц, на руки Опыт 1-3 года Можно удалённо Выплаты: За проект",ООО Флагман,https://spb.hh.ru/vacancy/135832782?query=%D0%90%D0%BD%D0%B0%D0%BB%D0%B8%D1%82%D0%B8%D0%BA+%D0%B4%D0%B0%D0%BD%D0%BD%D1%8B%D1%85&hhtmFrom=vacancy_search_list,45000.0,,RUB,45000.0
Преподаватель на курс по Аналитике данных,Опыт 1-3 года Можно удалённо,Бруноям,https://spb.hh.ru/vacancy/136133487?query=%D0%90%D0%BD%D0%B0%D0%BB%D0%B8%D1%82%D0%B8%D0%BA+%D0%B4%D0%B0%D0%BD%D0%BD%D1%8B%D1%85&hhtmFrom=vacancy_search_list,,,,
Старший аналитик отдела развития ассортимента в сфере автозапчастей,"90 000 ₽ за месяц, на руки Опыт 1-3 года Можно удалённо Выплаты: Два раза в месяц",TISS,https://spb.hh.ru/vacancy/136191651?query=%D0%90%D0%BD%D0%B0%D0%BB%D0%B8%D1%82%D0%B8%D0%BA+%D0%B4%D0%B0%D0%BD%D0%BD%D1%8B%D1%85&hhtmFrom=vacancy_search_list,90000.0,,RUB,90000.0
Старший аналитик отдела развития ассортимента в сфере автозапчастей,"90 000 ₽ за месяц, на руки Опыт 1-3 года Можно удалённо Выплаты: Два раза в месяц",TISS,https://spb.hh.ru/vacancy/136191650?query=%D0%90%D0%BD%D0%B0%D0%BB%D0%B8%D1%82%D0%B8%D0%BA+%D0%B4%D0%B0%D0%BD%D0%BD%D1%8B%D1%85&hhtmFrom=vacancy_search_list,90000.0,,RUB,90000.0
Финансовый аналитик,"от 250 000 ₸ за месяц, на руки Опыт 1-3 года Можно удалённо",ТОО CALL2ACTIONAI,https://spb.hh.ru/vacancy/136038209?query=%D0%90%D0%BD%D0%B0%D0%BB%D0%B8%D1%82%D0%B8%D0%BA+%D0%B4%D0%B0%D0%BD%D0%BD%D1%8B%D1%85&hhtmFrom=vacancy_search_list,250000.0,,KZT,250000.0
Старший аналитик отдела развития ассортимента в сфере автозапчастей,"90 000 ₽ за месяц, на руки Опыт 1-3 года Можно удалённо Выплаты: Два раза в месяц",TISS,https://spb.hh.ru/vacancy/136191649?query=%D0%90%D0%BD%D0%B0%D0%BB%D0%B8%D1%82%D0%B8%D0%BA+%D0%B4%D0%B0%D0%BD%D0%BD%D1%8B%D1%85&hhtmFrom=vacancy_search_list,90000.0,,RUB,90000.0
Бизнес-аналитик (Support manager L2),"350 000 – 500 000 ₸ за месяц, на руки Опыт 1-3 года Можно удалённо Выплаты: Раз в месяц",ТОО ДЕЛЬТА М КАЗАХСТАН,https://spb.hh.ru/vacancy/136020623?query=%D0%90%D0%BD%D0%B0%D0%BB%D0%B8%D1%82%D0%B8%D0%BA+%D0%B4%D0%B0%D0%BD%D0%BD%D1%8B%D1%85&hhtmFrom=vacancy_search_list,350000.0,500000.0,KZT,425000.0
Спортивный Аналитик (Хоккей),"400 – 700 $ за месяц, на руки Без опыта Можно удалённо Выплаты: Раз в месяц",Intelldetect OÜ,https://spb.hh.ru/vacancy/135934726?query=%D0%90%D0%BD%D0%B0%D0%BB%D0%B8%D1%82%D0%B8%D0%BA+%D0%B4%D0%B0%D0%BD%D0%BD%D1%8B%D1%85&hhtmFrom=vacancy_search_list,400.0,700.0,USD,550.0
Спортивный Аналитик (Хоккей),"400 – 700 $ за месяц, на руки Без опыта Можно удалённо Выплаты: Раз в месяц",Intelldetect OÜ,https://spb.hh.ru/vacancy/135889731?query=%D0%90%D0%BD%D0%B0%D0%BB%D0%B8%D1%82%D0%B8%D0%BA+%D0%B4%D0%B0%D0%BD%D0%BD%D1%8B%D1%85&hhtmFrom=vacancy_search_list,400.0,700.0,USD,550.0
Системный аналитик (стажер),"от 60 000 ₽ за месяц, до вычета налогов Без опыта Можно удалённо",Aston,https://spb.hh.ru/vacancy/136121167?query=%D0%90%D0%BD%D0%B0%D0%BB%D0%B8%D1%82%D0%B8%D0%BA+%D0%B4%D0%B0%D0%BD%D0%BD%D1%8B%D1%85&hhtmFrom=vacancy_search_list,60000.0,,RUB,60000.0
Специалист отдела мониторинга (спортивный аналитик),Опыт 1-3 года Можно удалённо,Altenar,https://spb.hh.ru/vacancy/126443728?query=%D0%90%D0%BD%D0%B0%D0%BB%D0%B8%D1%82%D0%B8%D0%BA+%D0%B4%D0%B0%D0%BD%D0%BD%D1%8B%D1%85&hhtmFrom=vacancy_search_list,,,,
"Системный аналитик Fintech (Middle, Part-Time)",Опыт 1-3 года Можно удалённо,ООО Rizq Tech,https://spb.hh.ru/vacancy/136797060?query=%D0%90%D0%BD%D0%B0%D0%BB%D0%B8%D1%82%D0%B8%D0%BA+%D0%B4%D0%B0%D0%BD%D0%BD%D1%8B%D1%85&hhtmFrom=vacancy_search_list,,,,
Категорийный аналитик | женская одежда (WB / Ozon),"80 000 – 200 000 ₽ за месяц, на руки Опыт 1-3 года Можно удалённо Выплаты: Два раза в месяц",ИП Дайч Юлия Валерьевна,https://spb.hh.ru/vacancy/136006672?query=%D0%90%D0%BD%D0%B0%D0%BB%D0%B8%D1%82%D0%B8%D0%BA+%D0%B4%D0%B0%D0%BD%D0%BD%D1%8B%D1%85&hhtmFrom=vacancy_search_list,80000.0,200000.0,RUB,140000.0
Аналитик отдела продаж,"до 70 000 ₽ за месяц, на руки Опыт 1-3 года Можно удалённо Выплаты: Два раза в месяц",ООО Экспресс Мануфактура,https://spb.hh.ru/vacancy/136650301?query=%D0%90%D0%BD%D0%B0%D0%BB%D0%B8%D1%82%D0%B8%D0%BA+%D0%B4%D0%B0%D0%BD%D0%BD%D1%8B%D1%85&hhtmFrom=vacancy_search_list,,70000.0,RUB,70000.0
Web-аналитик (E-com),Опыт 1-3 года Можно удалённо,ДИВАН.РУ,https://spb.hh.ru/vacancy/136788345?query=%D0%90%D0%BD%D0%B0%D0%BB%D0%B8%D1%82%D0%B8%D0%BA+%D0%B4%D0%B0%D0%BD%D0%BD%D1%8B%D1%85&hhtmFrom=vacancy_search_list,,,,
Продуктовый аналитик,Опыт 1-3 года Можно удалённо,ООО Мир Хобби,https://spb.hh.ru/vacancy/136805425?query=%D0%90%D0%BD%D0%B0%D0%BB%D0%B8%D1%82%D0%B8%D0%BA+%D0%B4%D0%B0%D0%BD%D0%BD%D1%8B%D1%85&hhtmFrom=vacancy_search_list,,,,
Риск-аналитик (Fintech / Online-займы),Опыт 1-3 года Можно удалённо,ООО МКК Срочноденьги,https://spb.hh.ru/vacancy/135752298?query=%D0%90%D0%BD%D0%B0%D0%BB%D0%B8%D1%82%D0%B8%D0%BA+%D0%B4%D0%B0%D0%BD%D0%BD%D1%8B%D1%85&hhtmFrom=vacancy_search_list,,,,
Аналитик категорий/ Категорийный менеджер (Fashion) / WB,"от 150 000 ₽ за месяц, на руки Опыт 1-3 года Можно удалённо",TOP FLOP,https://spb.hh.ru/vacancy/136343585?query=%D0%90%D0%BD%D0%B0%D0%BB%D0%B8%D1%82%D0%B8%D0%BA+%D0%B4%D0%B0%D0%BD%D0%BD%D1%8B%D1%85&hhtmFrom=vacancy_search_list,150000.0,,RUB,150000.0
HR-аналитик,Опыт 1-3 года Можно удалённо,GTS,https://spb.hh.ru/vacancy/136676391?query=%D0%90%D0%BD%D0%B0%D0%BB%D0%B8%D1%82%D0%B8%D0%BA+%D0%B4%D0%B0%D0%BD%D0%BD%D1%8B%D1%85&hhtmFrom=vacancy_search_list,,,,
Риск-аналитик,"до 253 000 ₽ за месяц, на руки Опыт 1-3 года Можно удалённо",Diamond Personnel R&C,https://spb.hh.ru/vacancy/135198268?query=%D0%90%D0%BD%D0%B0%D0%BB%D0%B8%D1%82%D0%B8%D0%BA+%D0%B4%D0%B0%D0%BD%D0%BD%D1%8B%D1%85&hhtmFrom=vacancy_search_list,,253000.0,RUB,253000.0
Риск-менеджер по аналитике ПВР,Опыт 1-3 года Можно удалённо,Diamond Personnel R&C,https://spb.hh.ru/vacancy/135229128?query=%D0%90%D0%BD%D0%B0%D0%BB%D0%B8%D1%82%D0%B8%D0%BA+%D0%B4%D0%B0%D0%BD%D0%BD%D1%8B%D1%85&hhtmFrom=vacancy_search_list,,,,
CRM-аналитик (интеграции Mindbox),"до 150 000 ₽ за месяц, до вычета налогов Опыт 1-3 года Можно удалённо",Клерк.Ру,https://spb.hh.ru/vacancy/136681781?query=%D0%90%D0%BD%D0%B0%D0%BB%D0%B8%D1%82%D0%B8%D0%BA+%D0%B4%D0%B0%D0%BD%D0%BD%D1%8B%D1%85&hhtmFrom=vacancy_search_list,,150000.0,RUB,150000.0
Аналитик рисков | МФО,Опыт 1-3 года Можно удалённо,Lenkep recruitment,https://spb.hh.ru/vacancy/136705281?query=%D0%90%D0%BD%D0%B0%D0%BB%D0%B8%D1%82%D0%B8%D0%BA+%D0%B4%D0%B0%D0%BD%D0%BD%D1%8B%D1%85&hhtmFrom=vacancy_search_list,,,,
Продуктовый аналитик (оформление заказов),Опыт 1-3 года Можно удалённо,Ozon Офис и Коммерция,https://spb.hh.ru/vacancy/134567677?query=%D0%90%D0%BD%D0%B0%D0%BB%D0%B8%D1%82%D0%B8%D0%BA+%D0%B4%D0%B0%D0%BD%D0%BD%D1%8B%D1%85&hhtmFrom=vacancy_search_list,,,,
Старший портфельный аналитик,Опыт 1-3 года Можно удалённо,СВОЙ,https://spb.hh.ru/vacancy/135713243?query=%D0%90%D0%BD%D0%B0%D0%BB%D0%B8%D1%82%D0%B8%D0%BA+%D0%B4%D0%B0%D0%BD%D0%BD%D1%8B%D1%85&hhtmFrom=vacancy_search_list,,,,
Портфельный аналитик,Опыт 1-3 года Можно удалённо,ООО Газпромбанк Автолизинг,https://spb.hh.ru/vacancy/135933754?query=%D0%90%D0%BD%D0%B0%D0%BB%D0%B8%D1%82%D0%B8%D0%BA+%D0%B4%D0%B0%D0%BD%D0%BD%D1%8B%D1%85&hhtmFrom=vacancy_search_list,,,,
Имплант-менеджер/аналитик (X5 «Пятёрочка»),Опыт 1-3 года Можно удалённо,ООО АПХ ЭКО-культура,https://spb.hh.ru/vacancy/136605648?query=%D0%90%D0%BD%D0%B0%D0%BB%D0%B8%D1%82%D0%B8%D0%BA+%D0%B4%D0%B0%D0%BD%D0%BD%D1%8B%D1%85&hhtmFrom=vacancy_search_list,,,,
Аналитик СМИ и социальных медиа,"85 000 – 100 000 ₽ за месяц, на руки Опыт 1-3 года Можно удалённо Выплаты: Два раза в месяц",ООО М13,https://spb.hh.ru/vacancy/136656837?query=%D0%90%D0%BD%D0%B0%D0%BB%D0%B8%D1%82%D0%B8%D0%BA+%D0%B4%D0%B0%D0%BD%D0%BD%D1%8B%D1%85&hhtmFrom=vacancy_search_list,85000.0,100000.0,RUB,92500.0
Системный/бизнес-аналитик,Опыт 1-3 года Можно удалённо,Правительство Московской области,https://spb.hh.ru/vacancy/136644142?query=%D0%90%D0%BD%D0%B0%D0%BB%D0%B8%D1%82%D0%B8%D0%BA+%D0%B4%D0%B0%D0%BD%D0%BD%D1%8B%D1%85&hhtmFrom=vacancy_search_list,,,,
Middle Finance Data Analyst,Опыт 1-3 года Можно удалённо,Островок.Развитие бизнеса,https://spb.hh.ru/vacancy/136551028?query=%D0%90%D0%BD%D0%B0%D0%BB%D0%B8%D1%82%D0%B8%D0%BA+%D0%B4%D0%B0%D0%BD%D0%BD%D1%8B%D1%85&hhtmFrom=vacancy_search_list,,,,
Бизнес-аналитик,Опыт 1-3 года Можно удалённо,Данафлекс,https://spb.hh.ru/vacancy/136010406?query=%D0%90%D0%BD%D0%B0%D0%BB%D0%B8%D1%82%D0%B8%D0%BA+%D0%B4%D0%B0%D0%BD%D0%BD%D1%8B%D1%85&hhtmFrom=vacancy_search_list,,,,
Консультант аналитик продуктов оформления,Опыт 1-3 года Можно удалённо,ИНВИТРО. ИТ,https://spb.hh.ru/vacancy/133410262?query=%D0%90%D0%BD%D0%B0%D0%BB%D0%B8%D1%82%D0%B8%D0%BA+%D0%B4%D0%B0%D0%BD%D0%BD%D1%8B%D1%85&hhtmFrom=vacancy_search_list,,,,
Сценарист / копирайтер / редактор / контент-аналитик,"100 000 – 200 000 ₽ за месяц, на руки Опыт 1-3 года Можно удалённо Выплаты: Два раза в месяц",ИП Щучинов Павел Николаевич,https://spb.hh.ru/vacancy/136676255?query=%D0%90%D0%BD%D0%B0%D0%BB%D0%B8%D1%82%D0%B8%D0%BA+%D0%B4%D0%B0%D0%BD%D0%BD%D1%8B%D1%85&hhtmFrom=vacancy_search_list,100000.0,200000.0,RUB,150000.0
Ведущий аналитик,Опыт 1-3 года Можно удалённо,ПАО Аэрофлот,https://spb.hh.ru/vacancy/136534231?query=%D0%90%D0%BD%D0%B0%D0%BB%D0%B8%D1%82%D0%B8%D0%BA+%D0%B4%D0%B0%D0%BD%D0%BD%D1%8B%D1%85&hhtmFrom=vacancy_search_list,,,,
Продуктовый аналитик в ОК,Опыт 1-3 года Можно удалённо,"VK, Одноклассники",https://spb.hh.ru/vacancy/132461053?query=%D0%90%D0%BD%D0%B0%D0%BB%D0%B8%D1%82%D0%B8%D0%BA+%D0%B4%D0%B0%D0%BD%D0%BD%D1%8B%D1%85&hhtmFrom=vacancy_search_list,,,,
Junior аналитик-автоматизатор (n8n + ИИ-агенты),Без опыта Можно удалённо,Topface Media,https://spb.hh.ru/vacancy/136416208?query=%D0%90%D0%BD%D0%B0%D0%BB%D0%B8%D1%82%D0%B8%D0%BA+%D0%B4%D0%B0%D0%BD%D0%BD%D1%8B%D1%85&hhtmFrom=vacancy_search_list,,,,
Аналитик данных,"107 000 – 121 000 ₽ за месяц, до вычета налогов Опыт 1-3 года Можно удалённо",Государственное казенное учреждение Московской области Централизованная бухгалтерия Московской области,https://spb.hh.ru/vacancy/135285800?query=%D0%90%D0%BD%D0%B0%D0%BB%D0%B8%D1%82%D0%B8%D0%BA+%D0%B4%D0%B0%D0%BD%D0%BD%D1%8B%D1%85&hhtmFrom=vacancy_search_list,,107000.0,RUB,107000.0
Системный аналитик / System analyst,Опыт 1-3 года Можно удалённо,Альфа-Деньги,https://spb.hh.ru/vacancy/135382567?query=%D0%90%D0%BD%D0%B0%D0%BB%D0%B8%D1%82%D0%B8%D0%BA+%D0%B4%D0%B0%D0%BD%D0%BD%D1%8B%D1%85&hhtmFrom=vacancy_search_list,,,,
Аналитик,Опыт 1-3 года Можно удалённо,Не указана,https://spb.hh.ru/vacancy/133504880?query=%D0%90%D0%BD%D0%B0%D0%BB%D0%B8%D1%82%D0%B8%D0%BA+%D0%B4%D0%B0%D0%BD%D0%BD%D1%8B%D1%85&hhtmFrom=vacancy_search_list,,,,
Бизнес-аналитик,Опыт 1-3 года Можно удалённо,ПАО Т Плюс,https://spb.hh.ru/vacancy/134539514?query=%D0%90%D0%BD%D0%B0%D0%BB%D0%B8%D1%82%D0%B8%D0%BA+%D0%B4%D0%B0%D0%BD%D0%BD%D1%8B%D1%85&hhtmFrom=vacancy_search_list,,,,
Системный аналитик,Опыт 1-3 года Можно удалённо,ПАО Т Плюс,https://spb.hh.ru/vacancy/134539727?query=%D0%90%D0%BD%D0%B0%D0%BB%D0%B8%D1%82%D0%B8%D0%BA+%D0%B4%D0%B0%D0%BD%D0%BD%D1%8B%D1%85&hhtmFrom=vacancy_search_list,,,,
Аналитик,Опыт 1-3 года Можно удалённо,Neoflex,https://spb.hh.ru/vacancy/135374453?query=%D0%90%D0%BD%D0%B0%D0%BB%D0%B8%D1%82%D0%B8%D0%BA+%D0%B4%D0%B0%D0%BD%D0%BD%D1%8B%D1%85&hhtmFrom=vacancy_search_list,,,,
Data Analyst / Аналитик данных,Опыт 1-3 года Можно удалённо,Okkam,https://spb.hh.ru/vacancy/134226236?query=%D0%90%D0%BD%D0%B0%D0%BB%D0%B8%D1%82%D0%B8%D0%BA+%D0%B4%D0%B0%D0%BD%D0%BD%D1%8B%D1%85&hhtmFrom=vacancy_search_list,,,,
Аналитик данных / Data analyst,Опыт 1-3 года Можно удалённо,ИП Андреева Руслана,https://spb.hh.ru/vacancy/136305255?query=%D0%90%D0%BD%D0%B0%D0%BB%D0%B8%D1%82%D0%B8%D0%BA+%D0%B4%D0%B0%D0%BD%D0%BD%D1%8B%D1%85&hhtmFrom=vacancy_search_list,,,,
Программист-аналитик 1С,"от 180 000 ₽ за месяц, до вычета налогов Опыт 1-3 года Можно удалённо",Арконт,https://spb.hh.ru/vacancy/136091074?query=%D0%90%D0%BD%D0%B0%D0%BB%D0%B8%D1%82%D0%B8%D0%BA+%D0%B4%D0%B0%D0%BD%D0%BD%D1%8B%D1%85&hhtmFrom=vacancy_search_list,180000.0,,RUB,180000.0
Бизнес-аналитик по интеграции,Опыт 1-3 года Можно удалённо,ООО ИК СИБИНТЕК,https://spb.hh.ru/vacancy/136602489?query=%D0%90%D0%BD%D0%B0%D0%BB%D0%B8%D1%82%D0%B8%D0%BA+%D0%B4%D0%B0%D0%BD%D0%BD%D1%8B%D1%85&hhtmFrom=vacancy_search_list,,,,
BI-разработчик / BI-аналитик,Опыт 1-3 года Можно удалённо,ITFB Group,https://spb.hh.ru/vacancy/136590842?query=%D0%90%D0%BD%D0%B0%D0%BB%D0%B8%D1%82%D0%B8%D0%BA+%D0%B4%D0%B0%D0%BD%D0%BD%D1%8B%D1%85&hhtmFrom=vacancy_search_list,,,,
Аналитик,Опыт 1-3 года Можно удалённо,"""МТС"", Аналитика",https://spb.hh.ru/vacancy/136327869?query=%D0%90%D0%BD%D0%B0%D0%BB%D0%B8%D1%82%D0%B8%D0%BA+%D0%B4%D0%B0%D0%BD%D0%BD%D1%8B%D1%85&hhtmFrom=vacancy_search_list,,,,
Аналитик QMS,Опыт 1-3 года Можно удалённо,ООО УАЗ,https://spb.hh.ru/vacancy/135295652?query=%D0%90%D0%BD%D0%B0%D0%BB%D0%B8%D1%82%D0%B8%D0%BA+%D0%B4%D0%B0%D0%BD%D0%BD%D1%8B%D1%85&hhtmFrom=vacancy_search_list,,,,
Аналитик WMS,Опыт 1-3 года Можно удалённо,ООО УАЗ,https://spb.hh.ru/vacancy/135290504?query=%D0%90%D0%BD%D0%B0%D0%BB%D0%B8%D1%82%D0%B8%D0%BA+%D0%B4%D0%B0%D0%BD%D0%BD%D1%8B%D1%85&hhtmFrom=vacancy_search_list,,,,
Аналитик данных (Поддержка и развитие моделей прогнозирования спроса),Опыт 1-3 года Можно удалённо,ДИКСИ. IT,https://spb.hh.ru/vacancy/135427343?query=%D0%90%D0%BD%D0%B0%D0%BB%D0%B8%D1%82%D0%B8%D0%BA+%D0%B4%D0%B0%D0%BD%D0%BD%D1%8B%D1%85&hhtmFrom=vacancy_search_list,,,,
Аналитик 1С: УПП (ERP),Опыт 1-3 года Можно удалённо,Группа Компаний Мечел,https://spb.hh.ru/vacancy/130928136?query=%D0%90%D0%BD%D0%B0%D0%BB%D0%B8%D1%82%D0%B8%D0%BA+%D0%B4%D0%B0%D0%BD%D0%BD%D1%8B%D1%85&hhtmFrom=vacancy_search_list,,,,
CRM-аналитик,"до 150 000 ₽ за месяц, до вычета налогов Опыт 1-3 года Можно удалённо",Клерк.Ру,https://spb.hh.ru/vacancy/136483318?query=%D0%90%D0%BD%D0%B0%D0%BB%D0%B8%D1%82%D0%B8%D0%BA+%D0%B4%D0%B0%D0%BD%D0%BD%D1%8B%D1%85&hhtmFrom=vacancy_search_list,,150000.0,RUB,150000.0
Системный аналитик,Опыт 1-3 года Можно удалённо,АО ДКС,https://spb.hh.ru/vacancy/136500467?query=%D0%90%D0%BD%D0%B0%D0%BB%D0%B8%D1%82%D0%B8%D0%BA+%D0%B4%D0%B0%D0%BD%D0%BD%D1%8B%D1%85&hhtmFrom=vacancy_search_list,,,,
Стажер-аналитик,Без опыта Можно удалённо,ООО Лоция,https://spb.hh.ru/vacancy/136488909?query=%D0%90%D0%BD%D0%B0%D0%BB%D0%B8%D1%82%D0%B8%D0%BA+%D0%B4%D0%B0%D0%BD%D0%BD%D1%8B%D1%85&hhtmFrom=vacancy_search_list,,,,
Кредитный аналитик (сопровождение кредитования),Опыт 1-3 года Можно удалённо,Финтех,https://spb.hh.ru/vacancy/120599916?query=%D0%90%D0%BD%D0%B0%D0%BB%D0%B8%D1%82%D0%B8%D0%BA+%D0%B4%D0%B0%D0%BD%D0%BD%D1%8B%D1%85&hhtmFrom=vacancy_search_list,,,,
Кредитный аналитик (сопровождение кредитования),Опыт 1-3 года Можно удалённо,Финтех,https://spb.hh.ru/vacancy/132835670?query=%D0%90%D0%BD%D0%B0%D0%BB%D0%B8%D1%82%D0%B8%D0%BA+%D0%B4%D0%B0%D0%BD%D0%BD%D1%8B%D1%85&hhtmFrom=vacancy_search_list,,,,
Аналитик / Ведущий специалист по мониторингу и реагированию на инциденты ИБ,Опыт 1-3 года Можно удалённо,"MR Group, группа компаний",https://spb.hh.ru/vacancy/134767540?query=%D0%90%D0%BD%D0%B0%D0%BB%D0%B8%D1%82%D0%B8%D0%BA+%D0%B4%D0%B0%D0%BD%D0%BD%D1%8B%D1%85&hhtmFrom=vacancy_search_list,,,,
Ведущий аналитик Битрикс 24,Опыт 1-3 года Можно удалённо,Группа компаний Стильные Кухни и Интерьеры,https://spb.hh.ru/vacancy/135539024?query=%D0%90%D0%BD%D0%B0%D0%BB%D0%B8%D1%82%D0%B8%D0%BA+%D0%B4%D0%B0%D0%BD%D0%BD%D1%8B%D1%85&hhtmFrom=vacancy_search_list,,,,
Аналитик данных,"от 70 000 ₽ за месяц, на руки Без опыта Можно удалённо Выплаты: Два раза в месяц",ООО Торговый Дом Максима,https://spb.hh.ru/vacancy/135953675?query=%D0%90%D0%BD%D0%B0%D0%BB%D0%B8%D1%82%D0%B8%D0%BA+%D0%B4%D0%B0%D0%BD%D0%BD%D1%8B%D1%85&hhtmFrom=vacancy_search_list,70000.0,,RUB,70000.0
Продуктовый аналитик,Опыт 1-3 года Можно удалённо,БКС Банк IT & Digital,https://spb.hh.ru/vacancy/136413720?query=%D0%90%D0%BD%D0%B0%D0%BB%D0%B8%D1%82%D0%B8%D0%BA+%D0%B4%D0%B0%D0%BD%D0%BD%D1%8B%D1%85&hhtmFrom=vacancy_search_list,,,,
Системный аналитик,Опыт 1-3 года Можно удалённо,ООО Датаюниверс,https://spb.hh.ru/vacancy/136455978?query=%D0%90%D0%BD%D0%B0%D0%BB%D0%B8%D1%82%D0%B8%D0%BA+%D0%B4%D0%B0%D0%BD%D0%BD%D1%8B%D1%85&hhtmFrom=vacancy_search_list,,,,
Системный / Бизнес аналитик,Опыт 1-3 года Можно удалённо,Altenar,https://spb.hh.ru/vacancy/128486098?query=%D0%90%D0%BD%D0%B0%D0%BB%D0%B8%D1%82%D0%B8%D0%BA+%D0%B4%D0%B0%D0%BD%D0%BD%D1%8B%D1%85&hhtmFrom=vacancy_search_list,,,,
Data engineer+analyst (DWH),"до 150 000 ₽ за месяц, на руки Опыт 1-3 года Можно удалённо",Maxima.tech,https://spb.hh.ru/vacancy/136028980?query=%D0%90%D0%BD%D0%B0%D0%BB%D0%B8%D1%82%D0%B8%D0%BA+%D0%B4%D0%B0%D0%BD%D0%BD%D1%8B%D1%85&hhtmFrom=vacancy_search_list,,150000.0,RUB,150000.0
Системный аналитик,Опыт 1-3 года Можно удалённо,ООО Точка Качества,https://spb.hh.ru/vacancy/136132733?query=%D0%90%D0%BD%D0%B0%D0%BB%D0%B8%D1%82%D0%B8%D0%BA+%D0%B4%D0%B0%D0%BD%D0%BD%D1%8B%D1%85&hhtmFrom=vacancy_search_list,,,,
Аналитик УПП,Опыт 1-3 года Можно удалённо,ООО УАЗ,https://spb.hh.ru/vacancy/135296697?query=%D0%90%D0%BD%D0%B0%D0%BB%D0%B8%D1%82%D0%B8%D0%BA+%D0%B4%D0%B0%D0%BD%D0%BD%D1%8B%D1%85&hhtmFrom=vacancy_search_list,,,,
Руководитель направления аналитики CRM продаж сегмента предпринимательство,Опыт 1-3 года Можно удалённо,Альфа-Банк. Центральный офис,https://spb.hh.ru/vacancy/135920123?query=%D0%90%D0%BD%D0%B0%D0%BB%D0%B8%D1%82%D0%B8%D0%BA+%D0%B4%D0%B0%D0%BD%D0%BD%D1%8B%D1%85&hhtmFrom=vacancy_search_list,,,,
Разработчик BI,"от 150 000 ₽ за месяц, на руки Опыт 1-3 года Можно удалённо Выплаты: Два раза в месяц",ООО Моя Работа,https://spb.hh.ru/vacancy/134479713?query=%D0%90%D0%BD%D0%B0%D0%BB%D0%B8%D1%82%D0%B8%D0%BA+%D0%B4%D0%B0%D0%BD%D0%BD%D1%8B%D1%85&hhtmFrom=vacancy_search_list,150000.0,,RUB,150000.0
Аналитик,Опыт 1-3 года Можно удалённо,IBS,https://spb.hh.ru/vacancy/135928747?query=%D0%90%D0%BD%D0%B0%D0%BB%D0%B8%D1%82%D0%B8%D0%BA+%D0%B4%D0%B0%D0%BD%D0%BD%D1%8B%D1%85&hhtmFrom=vacancy_search_list,,,,
Системный аналитик,Опыт 1-3 года Можно удалённо,ООО УралТехИс Ай Ти Групп,https://spb.hh.ru/vacancy/136008505?query=%D0%90%D0%BD%D0%B0%D0%BB%D0%B8%D1%82%D0%B8%D0%BA+%D0%B4%D0%B0%D0%BD%D0%BD%D1%8B%D1%85&hhtmFrom=vacancy_search_list,,,,
"Продуктовый аналитик, B2B Эквайринг, Ozon Банк",Опыт 1-3 года Можно удалённо,Ozon Банк,https://spb.hh.ru/vacancy/135873774?query=%D0%90%D0%BD%D0%B0%D0%BB%D0%B8%D1%82%D0%B8%D0%BA+%D0%B4%D0%B0%D0%BD%D0%BD%D1%8B%D1%85&hhtmFrom=vacancy_search_list,,,,
Системный аналитик,Опыт 1-3 года Можно удалённо,ПАО КБ Уральский банк реконструкции и развития (УБРиР),https://spb.hh.ru/vacancy/135839981?query=%D0%90%D0%BD%D0%B0%D0%BB%D0%B8%D1%82%D0%B8%D0%BA+%D0%B4%D0%B0%D0%BD%D0%BD%D1%8B%D1%85&hhtmFrom=vacancy_search_list,,,,
Специалист обработки данных видеоаналитики (разметчик) / Аналитик,"от 77 000 ₽ за месяц, до вычета налогов Без опыта Можно удалённо",NVI Solutions LLC,https://spb.hh.ru/vacancy/136740942?query=%D0%90%D0%BD%D0%B0%D0%BB%D0%B8%D1%82%D0%B8%D0%BA+%D0%B4%D0%B0%D0%BD%D0%BD%D1%8B%D1%85&hhtmFrom=vacancy_search_list,77000.0,,RUB,77000.0
Младший аналитик (по работе с системой мониторинга),"61 300 ₽ за месяц, на руки Без опыта Можно удалённо Выплаты: Два раза в месяц",ООО Глассен-АйТи,https://spb.hh.ru/vacancy/136570167?query=%D0%90%D0%BD%D0%B0%D0%BB%D0%B8%D1%82%D0%B8%D0%BA+%D0%B4%D0%B0%D0%BD%D0%BD%D1%8B%D1%85&hhtmFrom=vacancy_search_list,61300.0,,RUB,61300.0
Junior Product Analyst (Джуниор Продукт Аналитик),Без опыта Можно удалённо,ТОО Denser Technologies,https://spb.hh.ru/vacancy/136297224?query=%D0%90%D0%BD%D0%B0%D0%BB%D0%B8%D1%82%D0%B8%D0%BA+%D0%B4%D0%B0%D0%BD%D0%BD%D1%8B%D1%85&hhtmFrom=vacancy_search_list,,,,
Аналитик,"от 100 000 ₽ за месяц, до вычета налогов Опыт 1-3 года Можно удалённо",ИП Шапиро Милана Михайловна,https://spb.hh.ru/vacancy/136788716?query=%D0%90%D0%BD%D0%B0%D0%BB%D0%B8%D1%82%D0%B8%D0%BA+%D0%B4%D0%B0%D0%BD%D0%BD%D1%8B%D1%85&hhtmFrom=vacancy_search_list,100000.0,,RUB,100000.0
BI-аналитик,"120 000 – 150 000 ₽ за месяц, на руки Опыт 1-3 года Можно удалённо",ООО Денвик,https://spb.hh.ru/vacancy/136671957?query=%D0%90%D0%BD%D0%B0%D0%BB%D0%B8%D1%82%D0%B8%D0%BA+%D0%B4%D0%B0%D0%BD%D0%BD%D1%8B%D1%85&hhtmFrom=vacancy_search_list,120000.0,150000.0,RUB,135000.0
Аналитик данных,Опыт 1-3 года Можно удалённо,СМ Лаб,https://spb.hh.ru/vacancy/134227396?query=%D0%90%D0%BD%D0%B0%D0%BB%D0%B8%D1%82%D0%B8%D0%BA+%D0%B4%D0%B0%D0%BD%D0%BD%D1%8B%D1%85&hhtmFrom=vacancy_search_list,,,,
Junior-специалист по аналитике и автоматизации,"50 000 – 65 000 ₽ за месяц, на руки Опыт 1-3 года Можно удалённо Выплаты: Два раза в месяц",ИП Лизунов Антон Александрович,https://spb.hh.ru/vacancy/136793236?query=%D0%90%D0%BD%D0%B0%D0%BB%D0%B8%D1%82%D0%B8%D0%BA+%D0%B4%D0%B0%D0%BD%D0%BD%D1%8B%D1%85&hhtmFrom=vacancy_search_list,50000.0,65000.0,RUB,57500.0
HR-аналитик,"от 85 000 ₽ за месяц, на руки Опыт 1-3 года Можно удалённо Выплаты: Раз в месяц",Playerok,https://spb.hh.ru/vacancy/136561534?query=%D0%90%D0%BD%D0%B0%D0%BB%D0%B8%D1%82%D0%B8%D0%BA+%D0%B4%D0%B0%D0%BD%D0%BD%D1%8B%D1%85&hhtmFrom=vacancy_search_list,85000.0,,RUB,85000.0
Финансовый аналитик,Опыт 1-3 года Можно удалённо,Aviasales.ru,https://spb.hh.ru/vacancy/136610268?query=%D0%90%D0%BD%D0%B0%D0%BB%D0%B8%D1%82%D0%B8%D0%BA+%D0%B4%D0%B0%D0%BD%D0%BD%D1%8B%D1%85&hhtmFrom=vacancy_search_list,,,,
Marketing Analyst,Опыт 1-3 года Можно удалённо,AYA GAMES,https://spb.hh.ru/vacancy/136780763?query=%D0%90%D0%BD%D0%B0%D0%BB%D0%B8%D1%82%D0%B8%D0%BA+%D0%B4%D0%B0%D0%BD%D0%BD%D1%8B%D1%85&hhtmFrom=vacancy_search_list,,,,
Аналитик,Опыт 1-3 года Можно удалённо,Ozon Офис и Коммерция,https://spb.hh.ru/vacancy/136722590?query=%D0%90%D0%BD%D0%B0%D0%BB%D0%B8%D1%82%D0%B8%D0%BA+%D0%B4%D0%B0%D0%BD%D0%BD%D1%8B%D1%85&hhtmFrom=vacancy_search_list,,,,
Экономист-аналитик,Опыт 1-3 года Можно удалённо,ООО Доставка Морем,https://spb.hh.ru/vacancy/136497268?query=%D0%90%D0%BD%D0%B0%D0%BB%D0%B8%D1%82%D0%B8%D0%BA+%D0%B4%D0%B0%D0%BD%D0%BD%D1%8B%D1%85&hhtmFrom=vacancy_search_list,,,,
Финансовый аналитик/менеджер (сфера HoReCa),"до 100 000 ₽ за месяц, на руки Опыт 1-3 года Можно удалённо Выплаты: Два раза в месяц",Стейк-хаус Антрекот,https://spb.hh.ru/vacancy/136737117?query=%D0%90%D0%BD%D0%B0%D0%BB%D0%B8%D1%82%D0%B8%D0%BA+%D0%B4%D0%B0%D0%BD%D0%BD%D1%8B%D1%85&hhtmFrom=vacancy_search_list,,100000.0,RUB,100000.0
Аналитик данных,"от 70 000 ₽ за месяц, до вычета налогов Опыт 1-3 года Можно удалённо Выплаты: Два раза в месяц",ASOADS,https://spb.hh.ru/vacancy/136677394?query=%D0%90%D0%BD%D0%B0%D0%BB%D0%B8%D1%82%D0%B8%D0%BA+%D0%B4%D0%B0%D0%BD%D0%BD%D1%8B%D1%85&hhtmFrom=vacancy_search_list,70000.0,,RUB,70000.0
Продуктовый аналитик,Опыт 1-3 года Можно удалённо,"МАГНИТ, Розничная сеть. OMNI",https://spb.hh.ru/vacancy/136772866?query=%D0%90%D0%BD%D0%B0%D0%BB%D0%B8%D1%82%D0%B8%D0%BA+%D0%B4%D0%B0%D0%BD%D0%BD%D1%8B%D1%85&hhtmFrom=vacancy_search_list,,,,
Аналитик данных (Data Analyst),Опыт 1-3 года Можно удалённо,Совков Артем Вадимович,https://spb.hh.ru/vacancy/136092144?query=%D0%90%D0%BD%D0%B0%D0%BB%D0%B8%D1%82%D0%B8%D0%BA+%D0%B4%D0%B0%D0%BD%D0%BD%D1%8B%D1%85&hhtmFrom=vacancy_search_list,,,,
Системный аналитик,Опыт 1-3 года Можно удалённо,ООО AMANAT TECH,https://spb.hh.ru/vacancy/136407384?query=%D0%90%D0%BD%D0%B0%D0%BB%D0%B8%D1%82%D0%B8%D0%BA+%D0%B4%D0%B0%D0%BD%D0%BD%D1%8B%D1%85&hhtmFrom=vacancy_search_list,,,,
Бизнес-аналитик (начальный уровень),"30 000 – 50 000 ₽ за месяц, до вычета налогов Опыт 1-3 года Можно удалённо Выплаты: Раз в месяц Подработка",ТЕХНОНИКОЛЬ,https://spb.hh.ru/vacancy/136722901?query=%D0%90%D0%BD%D0%B0%D0%BB%D0%B8%D1%82%D0%B8%D0%BA+%D0%B4%D0%B0%D0%BD%D0%BD%D1%8B%D1%85&hhtmFrom=vacancy_search_list,30000.0,50000.0,RUB,40000.0
Аналитик EdTech,"от 110 000 ₽ за месяц, на руки Опыт 1-3 года Можно удалённо Выплаты: Раз в месяц",Онлайн-школа для садоводов Strogoorganic,https://spb.hh.ru/vacancy/136097073?query=%D0%90%D0%BD%D0%B0%D0%BB%D0%B8%D1%82%D0%B8%D0%BA+%D0%B4%D0%B0%D0%BD%D0%BD%D1%8B%D1%85&hhtmFrom=vacancy_search_list,110000.0,,RUB,110000.0
Аналитик данных,Опыт 1-3 года Можно удалённо,Платформа Больших Данных,https://spb.hh.ru/vacancy/135988487?query=%D0%90%D0%BD%D0%B0%D0%BB%D0%B8%D1%82%D0%B8%D0%BA+%D0%B4%D0%B0%D0%BD%D0%BD%D1%8B%D1%85&hhtmFrom=vacancy_search_list,,,,
Аналитик для контент-завода,"80 000 – 150 000 ₽ за месяц, на руки Опыт 1-3 года Можно удалённо Выплаты: Раз в месяц",TIMG,https://spb.hh.ru/vacancy/135905040?query=%D0%90%D0%BD%D0%B0%D0%BB%D0%B8%D1%82%D0%B8%D0%BA+%D0%B4%D0%B0%D0%BD%D0%BD%D1%8B%D1%85&hhtmFrom=vacancy_search_list,80000.0,150000.0,RUB,115000.0
Начинающий Системный аналитик,Без опыта Можно удалённо,ИП Табачный Сергей Александрович,https://spb.hh.ru/vacancy/136657863?query=%D0%90%D0%BD%D0%B0%D0%BB%D0%B8%D1%82%D0%B8%D0%BA+%D0%B4%D0%B0%D0%BD%D0%BD%D1%8B%D1%85&hhtmFrom=vacancy_search_list,,,,
Аналитик данных (Supply Chain),Опыт 1-3 года Можно удалённо,"Компания «СПОРТМАСТЕР», Офис",https://spb.hh.ru/vacancy/135792755?query=%D0%90%D0%BD%D0%B0%D0%BB%D0%B8%D1%82%D0%B8%D0%BA+%D0%B4%D0%B0%D0%BD%D0%BD%D1%8B%D1%85&hhtmFrom=vacancy_search_list,,,,
Junior BI аналитик,"60 000 – 80 000 ₽ за месяц, на руки Опыт 1-3 года Можно удалённо Выплаты: Два раза в месяц",Сантехника-Онлайн,https://spb.hh.ru/vacancy/136655070?query=%D0%90%D0%BD%D0%B0%D0%BB%D0%B8%D1%82%D0%B8%D0%BA+%D0%B4%D0%B0%D0%BD%D0%BD%D1%8B%D1%85&hhtmFrom=vacancy_search_list,60000.0,80000.0,RUB,70000.0
Аналитик данных БКИ,Опыт 1-3 года Можно удалённо,ООО Финтех Айкью,https://spb.hh.ru/vacancy/136661557?query=%D0%90%D0%BD%D0%B0%D0%BB%D0%B8%D1%82%D0%B8%D0%BA+%D0%B4%D0%B0%D0%BD%D0%BD%D1%8B%D1%85&hhtmFrom=vacancy_search_list,,,,
Бизнес-аналитик (начальный уровень),"30 000 – 50 000 ₽ за месяц, до вычета налогов Опыт 1-3 года Можно удалённо Выплаты: Раз в месяц Подработка",ТЕХНОНИКОЛЬ,https://spb.hh.ru/vacancy/136722902?query=%D0%90%D0%BD%D0%B0%D0%BB%D0%B8%D1%82%D0%B8%D0%BA+%D0%B4%D0%B0%D0%BD%D0%BD%D1%8B%D1%85&hhtmFrom=vacancy_search_list,30000.0,50000.0,RUB,40000.0
Бизнес-аналитик (начальный уровень),"30 000 – 50 000 ₽ за месяц, до вычета налогов Опыт 1-3 года Можно удалённо Выплаты: Раз в месяц Подработка",ТЕХНОНИКОЛЬ,https://spb.hh.ru/vacancy/136722903?query=%D0%90%D0%BD%D0%B0%D0%BB%D0%B8%D1%82%D0%B8%D0%BA+%D0%B4%D0%B0%D0%BD%D0%BD%D1%8B%D1%85&hhtmFrom=vacancy_search_list,30000.0,50000.0,RUB,40000.0
Аналитик,Опыт 1-3 года Можно удалённо,Ракета,https://spb.hh.ru/vacancy/135831482?query=%D0%90%D0%BD%D0%B0%D0%BB%D0%B8%D1%82%D0%B8%D0%BA+%D0%B4%D0%B0%D0%BD%D0%BD%D1%8B%D1%85&hhtmFrom=vacancy_search_list,,,,
Продуктовый аналитик,Опыт 1-3 года Можно удалённо,PIX Robotics,https://spb.hh.ru/vacancy/136115830?query=%D0%90%D0%BD%D0%B0%D0%BB%D0%B8%D1%82%D0%B8%D0%BA+%D0%B4%D0%B0%D0%BD%D0%BD%D1%8B%D1%85&hhtmFrom=vacancy_search_list,,,,
Аналитик данных/Data Analyst,"от 100 000 ₽ за месяц, до вычета налогов Опыт 1-3 года Можно удалённо Выплаты: Раз в месяц",Your CodeReview,https://spb.hh.ru/vacancy/136609708?query=%D0%90%D0%BD%D0%B0%D0%BB%D0%B8%D1%82%D0%B8%D0%BA+%D0%B4%D0%B0%D0%BD%D0%BD%D1%8B%D1%85&hhtmFrom=vacancy_search_list,100000.0,,RUB,100000.0
Аналитик,Опыт 1-3 года Можно удалённо Подработка,"X5, Управляющая компания",https://spb.hh.ru/vacancy/136638973?query=%D0%90%D0%BD%D0%B0%D0%BB%D0%B8%D1%82%D0%B8%D0%BA+%D0%B4%D0%B0%D0%BD%D0%BD%D1%8B%D1%85&hhtmFrom=vacancy_search_list,,,,
Бизнес-аналитик CRM,Опыт 1-3 года Можно удалённо,GloraX,https://spb.hh.ru/vacancy/136321918?query=%D0%90%D0%BD%D0%B0%D0%BB%D0%B8%D1%82%D0%B8%D0%BA+%D0%B4%D0%B0%D0%BD%D0%BD%D1%8B%D1%85&hhtmFrom=vacancy_search_list,,,,
Стажёр Системный аналитик,Без опыта Можно удалённо,АО Инновационные технологии,https://spb.hh.ru/vacancy/136297312?query=%D0%90%D0%BD%D0%B0%D0%BB%D0%B8%D1%82%D0%B8%D0%BA+%D0%B4%D0%B0%D0%BD%D0%BD%D1%8B%D1%85&hhtmFrom=vacancy_search_list,,,,
Системный аналитик Junior в банк,"до 110 000 ₽ за месяц, на руки Опыт 1-3 года Можно удалённо",DCloud,https://spb.hh.ru/vacancy/136466520?query=%D0%90%D0%BD%D0%B0%D0%BB%D0%B8%D1%82%D0%B8%D0%BA+%D0%B4%D0%B0%D0%BD%D0%BD%D1%8B%D1%85&hhtmFrom=vacancy_search_list,,110000.0,RUB,110000.0
Портфельный риск-аналитик,Опыт 1-3 года Можно удалённо,CarMoney (Smart Tech Group),https://spb.hh.ru/vacancy/136297237?query=%D0%90%D0%BD%D0%B0%D0%BB%D0%B8%D1%82%D0%B8%D0%BA+%D0%B4%D0%B0%D0%BD%D0%BD%D1%8B%D1%85&hhtmFrom=vacancy_search_list,,,,
Младший аналитик 1С,Опыт 1-3 года Можно удалённо,ПАО Ростелеком,https://spb.hh.ru/vacancy/136391882?query=%D0%90%D0%BD%D0%B0%D0%BB%D0%B8%D1%82%D0%B8%D0%BA+%D0%B4%D0%B0%D0%BD%D0%BD%D1%8B%D1%85&hhtmFrom=vacancy_search_list,,,,
Аналитик данных (метрики курьерской доставки),Опыт 1-3 года Можно удалённо,Ozon Офис и Коммерция,https://spb.hh.ru/vacancy/132895915?query=%D0%90%D0%BD%D0%B0%D0%BB%D0%B8%D1%82%D0%B8%D0%BA+%D0%B4%D0%B0%D0%BD%D0%BD%D1%8B%D1%85&hhtmFrom=vacancy_search_list,,,,
Аналитик 1С (регламентированный учёт),"160 000 – 250 000 ₽ за месяц, на руки Опыт 1-3 года Можно удалённо Выплаты: Два раза в месяц",1С-АВТОМАТИЗАЦИЯ,https://spb.hh.ru/vacancy/136307735?query=%D0%90%D0%BD%D0%B0%D0%BB%D0%B8%D1%82%D0%B8%D0%BA+%D0%B4%D0%B0%D0%BD%D0%BD%D1%8B%D1%85&hhtmFrom=vacancy_search_list,160000.0,250000.0,RUB,205000.0
Ночной аналитик,"до 80 000 ₽ за месяц, на руки Опыт 1-3 года Можно удалённо Выплаты: Два раза в месяц",ООО ДБО,https://spb.hh.ru/vacancy/136211405?query=%D0%90%D0%BD%D0%B0%D0%BB%D0%B8%D1%82%D0%B8%D0%BA+%D0%B4%D0%B0%D0%BD%D0%BD%D1%8B%D1%85&hhtmFrom=vacancy_search_list,,80000.0,RUB,80000.0
"ML Engineer/Аналитик BigData (ML, LLM)",Опыт 1-3 года Можно удалённо,Альфа-Деньги,https://spb.hh.ru/vacancy/136475622?query=%D0%90%D0%BD%D0%B0%D0%BB%D0%B8%D1%82%D0%B8%D0%BA+%D0%B4%D0%B0%D0%BD%D0%BD%D1%8B%D1%85&hhtmFrom=vacancy_search_list,,,,
Аналитик строительных проектов,"от 100 000 ₽ за месяц, на руки Опыт 1-3 года Можно удалённо",ООО Страуд,https://spb.hh.ru/vacancy/136279987?query=%D0%90%D0%BD%D0%B0%D0%BB%D0%B8%D1%82%D0%B8%D0%BA+%D0%B4%D0%B0%D0%BD%D0%BD%D1%8B%D1%85&hhtmFrom=vacancy_search_list,100000.0,,RUB,100000.0
Бизнес-аналитик VR,"до 92 000 ₽ за месяц, до вычета налогов Опыт 1-3 года Можно удалённо Выплаты: Два раза в месяц",ООО Промвиар,https://spb.hh.ru/vacancy/136278741?query=%D0%90%D0%BD%D0%B0%D0%BB%D0%B8%D1%82%D0%B8%D0%BA+%D0%B4%D0%B0%D0%BD%D0%BD%D1%8B%D1%85&hhtmFrom=vacancy_search_list,,92000.0,RUB,92000.0
Data Аналитик,Опыт 1-3 года Можно удалённо,Ventra,https://spb.hh.ru/vacancy/136182120?query=%D0%90%D0%BD%D0%B0%D0%BB%D0%B8%D1%82%D0%B8%D0%BA+%D0%B4%D0%B0%D0%BD%D0%BD%D1%8B%D1%85&hhtmFrom=vacancy_search_list,,,,
Продуктовый аналитик,Опыт 1-3 года Можно удалённо,ООО Лоция,https://spb.hh.ru/vacancy/136187173?query=%D0%90%D0%BD%D0%B0%D0%BB%D0%B8%D1%82%D0%B8%D0%BA+%D0%B4%D0%B0%D0%BD%D0%BD%D1%8B%D1%85&hhtmFrom=vacancy_search_list,,,,
Аналитик рисков информационной безопасности,Опыт 1-3 года Можно удалённо,Центр финансовых технологий,https://spb.hh.ru/vacancy/136369666?query=%D0%90%D0%BD%D0%B0%D0%BB%D0%B8%D1%82%D0%B8%D0%BA+%D0%B4%D0%B0%D0%BD%D0%BD%D1%8B%D1%85&hhtmFrom=vacancy_search_list,,,,
BI-аналитик,Опыт 1-3 года Можно удалённо,Правительство Москвы,https://spb.hh.ru/vacancy/131175254?query=%D0%90%D0%BD%D0%B0%D0%BB%D0%B8%D1%82%D0%B8%D0%BA+%D0%B4%D0%B0%D0%BD%D0%BD%D1%8B%D1%85&hhtmFrom=vacancy_search_list,,,,
Системный аналитик,Опыт 1-3 года Можно удалённо,ООО Датаюниверс,https://spb.hh.ru/vacancy/136170785?query=%D0%90%D0%BD%D0%B0%D0%BB%D0%B8%D1%82%D0%B8%D0%BA+%D0%B4%D0%B0%D0%BD%D0%BD%D1%8B%D1%85&hhtmFrom=vacancy_search_list,,,,
Системный аналитик,Опыт 1-3 года Можно удалённо,MERLION TECH,https://spb.hh.ru/vacancy/136116624?query=%D0%90%D0%BD%D0%B0%D0%BB%D0%B8%D1%82%D0%B8%D0%BA+%D0%B4%D0%B0%D0%BD%D0%BD%D1%8B%D1%85&hhtmFrom=vacancy_search_list,,,,
"Продуктовый аналитик, B2B, Факторинг, Ozon Банк",Опыт 1-3 года Можно удалённо,Ozon Банк,https://spb.hh.ru/vacancy/136495323?query=%D0%90%D0%BD%D0%B0%D0%BB%D0%B8%D1%82%D0%B8%D0%BA+%D0%B4%D0%B0%D0%BD%D0%BD%D1%8B%D1%85&hhtmFrom=vacancy_search_list,,,,
Бизнес-аналитик качества ИТ услуг,Опыт 1-3 года Можно удалённо,Норникель,https://spb.hh.ru/vacancy/136343879?query=%D0%90%D0%BD%D0%B0%D0%BB%D0%B8%D1%82%D0%B8%D0%BA+%D0%B4%D0%B0%D0%BD%D0%BD%D1%8B%D1%85&hhtmFrom=vacancy_search_list,,,,
Менеджер Wildberries по рекламе и аналитике,"от 100 000 ₽ за месяц, на руки Опыт 1-3 года Можно удалённо Выплаты: Два раза в месяц",FoHo,https://spb.hh.ru/vacancy/136407233?query=%D0%90%D0%BD%D0%B0%D0%BB%D0%B8%D1%82%D0%B8%D0%BA+%D0%B4%D0%B0%D0%BD%D0%BD%D1%8B%D1%85&hhtmFrom=vacancy_search_list,100000.0,,RUB,100000.0
Системный / Бизнес аналитик,Опыт 1-3 года Можно удалённо,Altenar,https://spb.hh.ru/vacancy/135206584?query=%D0%90%D0%BD%D0%B0%D0%BB%D0%B8%D1%82%D0%B8%D0%BA+%D0%B4%D0%B0%D0%BD%D0%BD%D1%8B%D1%85&hhtmFrom=vacancy_search_list,,,,
Middle Web-аналитик,Опыт 1-3 года Можно удалённо,АДВ,https://spb.hh.ru/vacancy/136229664?query=%D0%90%D0%BD%D0%B0%D0%BB%D0%B8%D1%82%D0%B8%D0%BA+%D0%B4%D0%B0%D0%BD%D0%BD%D1%8B%D1%85&hhtmFrom=vacancy_search_list,,,,
Аналитик 1С,Опыт 1-3 года Можно удалённо,Первый Бит,https://spb.hh.ru/vacancy/136218195?query=%D0%90%D0%BD%D0%B0%D0%BB%D0%B8%D1%82%D0%B8%D0%BA+%D0%B4%D0%B0%D0%BD%D0%BD%D1%8B%D1%85&hhtmFrom=vacancy_search_list,,,,
Ведущий специалист по претензионной работе / Аналитик данных,"56 200 – 63 000 ₽ за месяц, на руки Опыт 1-3 года Можно удалённо Выплаты: Два раза в месяц",ООО Уралэнергосбыт,https://spb.hh.ru/vacancy/135887243?query=%D0%90%D0%BD%D0%B0%D0%BB%D0%B8%D1%82%D0%B8%D0%BA+%D0%B4%D0%B0%D0%BD%D0%BD%D1%8B%D1%85&hhtmFrom=vacancy_search_list,56200.0,63000.0,RUB,59600.0
Аналитик (обязательная банковская отчетность) / Узбекистан,Опыт 1-3 года Можно удалённо,НПК Финист-софт,https://spb.hh.ru/vacancy/136320930?query=%D0%90%D0%BD%D0%B0%D0%BB%D0%B8%D1%82%D0%B8%D0%BA+%D0%B4%D0%B0%D0%BD%D0%BD%D1%8B%D1%85&hhtmFrom=vacancy_search_list,,,,
Аналитик-консультант технической поддержки 1С,Опыт 1-3 года Можно удалённо,ООО ПРОМОМЕД,https://spb.hh.ru/vacancy/136372209?query=%D0%90%D0%BD%D0%B0%D0%BB%D0%B8%D1%82%D0%B8%D0%BA+%D0%B4%D0%B0%D0%BD%D0%BD%D1%8B%D1%85&hhtmFrom=vacancy_search_list,,,,
Системный аналитик (Middle),Опыт 1-3 года Можно удалённо,WebBee,https://spb.hh.ru/vacancy/136183098?query=%D0%90%D0%BD%D0%B0%D0%BB%D0%B8%D1%82%D0%B8%D0%BA+%D0%B4%D0%B0%D0%BD%D0%BD%D1%8B%D1%85&hhtmFrom=vacancy_search_list,,,,
Системный аналитик (с экспертизой интеграции 1С),Опыт 1-3 года Можно удалённо,ООО Датаюниверс,https://spb.hh.ru/vacancy/133966999?query=%D0%90%D0%BD%D0%B0%D0%BB%D0%B8%D1%82%D0%B8%D0%BA+%D0%B4%D0%B0%D0%BD%D0%BD%D1%8B%D1%85&hhtmFrom=vacancy_search_list,,,,
Аналитик Docsvision,Опыт 1-3 года Можно удалённо,ИП Кеменова Мария Алексеевна,https://spb.hh.ru/vacancy/134009866?query=%D0%90%D0%BD%D0%B0%D0%BB%D0%B8%D1%82%D0%B8%D0%BA+%D0%B4%D0%B0%D0%BD%D0%BD%D1%8B%D1%85&hhtmFrom=vacancy_search_list,,,,
Бизнес-аналитик/Системный аналитик,"150 000 – 180 000 ₽ за месяц, на руки Опыт 1-3 года Можно удалённо Выплаты: Два раза в месяц",РОСЭЛТОРГ,https://spb.hh.ru/vacancy/135078990?query=%D0%90%D0%BD%D0%B0%D0%BB%D0%B8%D1%82%D0%B8%D0%BA+%D0%B4%D0%B0%D0%BD%D0%BD%D1%8B%D1%85&hhtmFrom=vacancy_search_list,150000.0,180000.0,RUB,165000.0
Старший BI- аналитик,Опыт 1-3 года Можно удалённо,Свеза. Центральный Офис,https://spb.hh.ru/vacancy/135229476?query=%D0%90%D0%BD%D0%B0%D0%BB%D0%B8%D1%82%D0%B8%D0%BA+%D0%B4%D0%B0%D0%BD%D0%BD%D1%8B%D1%85&hhtmFrom=vacancy_search_list,,,,
Инженер-аналитик по выявлению уязвимостей,Опыт 1-3 года Можно удалённо,ООО Р-Вижн,https://spb.hh.ru/vacancy/135308205?query=%D0%90%D0%BD%D0%B0%D0%BB%D0%B8%D1%82%D0%B8%D0%BA+%D0%B4%D0%B0%D0%BD%D0%BD%D1%8B%D1%85&hhtmFrom=vacancy_search_list,,,,
Координатор - аналитик (мерчендайзинг),"от 80 000 ₽ за месяц, на руки Опыт 1-3 года Можно удалённо",АТМС,https://spb.hh.ru/vacancy/135919714?query=%D0%90%D0%BD%D0%B0%D0%BB%D0%B8%D1%82%D0%B8%D0%BA+%D0%B4%D0%B0%D0%BD%D0%BD%D1%8B%D1%85&hhtmFrom=vacancy_search_list,80000.0,,RUB,80000.0
Специалист отдела мониторинга и аналитики (Тегировщик) в системе Brand Analytics,Опыт 1-3 года Можно удалённо,MGCOM,https://spb.hh.ru/vacancy/136454961?query=%D0%90%D0%BD%D0%B0%D0%BB%D0%B8%D1%82%D0%B8%D0%BA+%D0%B4%D0%B0%D0%BD%D0%BD%D1%8B%D1%85&hhtmFrom=vacancy_search_list,,,,
Аналитик 1С,Опыт 1-3 года Можно удалённо,ООО Прайм Топ,https://spb.hh.ru/vacancy/136137252?query=%D0%90%D0%BD%D0%B0%D0%BB%D0%B8%D1%82%D0%B8%D0%BA+%D0%B4%D0%B0%D0%BD%D0%BD%D1%8B%D1%85&hhtmFrom=vacancy_search_list,,,,
Аналитик 1С,"100 000 – 150 000 ₽ за месяц, на руки Опыт 1-3 года Можно удалённо",Первый Бит,https://spb.hh.ru/vacancy/136116270?query=%D0%90%D0%BD%D0%B0%D0%BB%D0%B8%D1%82%D0%B8%D0%BA+%D0%B4%D0%B0%D0%BD%D0%BD%D1%8B%D1%85&hhtmFrom=vacancy_search_list,100000.0,150000.0,RUB,125000.0
Руководитель направления продуктовой аналитики,Опыт 1-3 года Можно удалённо,"МАГНИТ, Розничная сеть. IT",https://spb.hh.ru/vacancy/135613016?query=%D0%90%D0%BD%D0%B0%D0%BB%D0%B8%D1%82%D0%B8%D0%BA+%D0%B4%D0%B0%D0%BD%D0%BD%D1%8B%D1%85&hhtmFrom=vacancy_search_list,,,,
Бизнес-аналитик (Геоцифра),Опыт 1-3 года Можно удалённо,Правительство Московской области,https://spb.hh.ru/vacancy/136361714?query=%D0%90%D0%BD%D0%B0%D0%BB%D0%B8%D1%82%D0%B8%D0%BA+%D0%B4%D0%B0%D0%BD%D0%BD%D1%8B%D1%85&hhtmFrom=vacancy_search_list,,,,
Системный аналитик (Финтех),Опыт 1-3 года Можно удалённо Подработка,ООО Норд Клан,https://spb.hh.ru/vacancy/136408347?query=%D0%90%D0%BD%D0%B0%D0%BB%D0%B8%D1%82%D0%B8%D0%BA+%D0%B4%D0%B0%D0%BD%D0%BD%D1%8B%D1%85&hhtmFrom=vacancy_search_list,,,,
Старший аналитик,Опыт 1-3 года Можно удалённо Подработка,"Ренессанс cтрахование, Группа",https://spb.hh.ru/vacancy/136372220?query=%D0%90%D0%BD%D0%B0%D0%BB%D0%B8%D1%82%D0%B8%D0%BA+%D0%B4%D0%B0%D0%BD%D0%BD%D1%8B%D1%85&hhtmFrom=vacancy_search_list,,,,
Финансовый аналитик,Опыт 1-3 года Можно удалённо,Кодлокс,https://spb.hh.ru/vacancy/136300792?query=%D0%90%D0%BD%D0%B0%D0%BB%D0%B8%D1%82%D0%B8%D0%BA+%D0%B4%D0%B0%D0%BD%D0%BD%D1%8B%D1%85&hhtmFrom=vacancy_search_list,,,,
Аналитик по качеству данных Управления модельных рисков и валидации,Опыт 1-3 года Можно удалённо,"Банк ВТБ (ПАО), Технологический блок",https://spb.hh.ru/vacancy/136328646?query=%D0%90%D0%BD%D0%B0%D0%BB%D0%B8%D1%82%D0%B8%D0%BA+%D0%B4%D0%B0%D0%BD%D0%BD%D1%8B%D1%85&hhtmFrom=vacancy_search_list,,,,
Бизнес-аналитик,"300 000 – 400 000 ₸ за месяц, на руки Опыт 1-3 года Можно удалённо",ТОО Alberto Casiano,https://spb.hh.ru/vacancy/136415228?query=%D0%90%D0%BD%D0%B0%D0%BB%D0%B8%D1%82%D0%B8%D0%BA+%D0%B4%D0%B0%D0%BD%D0%BD%D1%8B%D1%85&hhtmFrom=vacancy_search_list,300000.0,400000.0,KZT,350000.0
Аналитик Управления портфельного менеджмента,Опыт 1-3 года Можно удалённо,"Ренессанс Банк, Москва",https://spb.hh.ru/vacancy/135897084?query=%D0%90%D0%BD%D0%B0%D0%BB%D0%B8%D1%82%D0%B8%D0%BA+%D0%B4%D0%B0%D0%BD%D0%BD%D1%8B%D1%85&hhtmFrom=vacancy_search_list,,,,
Системный аналитик,"от 100 000 ₽ за месяц, на руки Опыт 1-3 года Можно удалённо Выплаты: Два раза в месяц",Smart Data,https://spb.hh.ru/vacancy/136282538?query=%D0%90%D0%BD%D0%B0%D0%BB%D0%B8%D1%82%D0%B8%D0%BA+%D0%B4%D0%B0%D0%BD%D0%BD%D1%8B%D1%85&hhtmFrom=vacancy_search_list,100000.0,,RUB,100000.0
Системный аналитик,Опыт 1-3 года Можно удалённо,ООО Датаюниверс,https://spb.hh.ru/vacancy/136351359?query=%D0%90%D0%BD%D0%B0%D0%BB%D0%B8%D1%82%D0%B8%D0%BA+%D0%B4%D0%B0%D0%BD%D0%BD%D1%8B%D1%85&hhtmFrom=vacancy_search_list,,,,
Дата инженер/аналитик по качеству данных Управления модельных рисков и валидации,Опыт 1-3 года Можно удалённо,"Банк ВТБ (ПАО), Подразделения Поддержки и Контроля",https://spb.hh.ru/vacancy/136328774?query=%D0%90%D0%BD%D0%B0%D0%BB%D0%B8%D1%82%D0%B8%D0%BA+%D0%B4%D0%B0%D0%BD%D0%BD%D1%8B%D1%85&hhtmFrom=vacancy_search_list,,,,
Младший аналитик BI,Опыт 1-3 года Можно удалённо,LAB Industries,https://spb.hh.ru/vacancy/136374571?query=%D0%90%D0%BD%D0%B0%D0%BB%D0%B8%D1%82%D0%B8%D0%BA+%D0%B4%D0%B0%D0%BD%D0%BD%D1%8B%D1%85&hhtmFrom=vacancy_search_list,,,,
SEO-специалист / SEO-аналитик,"от 100 000 ₽ за месяц, на руки Опыт 1-3 года Можно удалённо Выплаты: Два раза в месяц",ООО Онлайн Групп,https://spb.hh.ru/vacancy/136444132?query=%D0%90%D0%BD%D0%B0%D0%BB%D0%B8%D1%82%D0%B8%D0%BA+%D0%B4%D0%B0%D0%BD%D0%BD%D1%8B%D1%85&hhtmFrom=vacancy_search_list,100000.0,,RUB,100000.0
Middle Product Analyst (Fintech),Опыт 1-3 года Можно удалённо,ООО МКК Базис,https://spb.hh.ru/vacancy/136326555?query=%D0%90%D0%BD%D0%B0%D0%BB%D0%B8%D1%82%D0%B8%D0%BA+%D0%B4%D0%B0%D0%BD%D0%BD%D1%8B%D1%85&hhtmFrom=vacancy_search_list,,,,
Младший Fullstack аналитик (бизнес + системный анализ),Опыт 1-3 года Можно удалённо,ООО ОТР,https://spb.hh.ru/vacancy/136222885?query=%D0%90%D0%BD%D0%B0%D0%BB%D0%B8%D1%82%D0%B8%D0%BA+%D0%B4%D0%B0%D0%BD%D0%BD%D1%8B%D1%85&hhtmFrom=vacancy_search_list,,,,
BI / Reporting Analyst (Junior+ / Middle),Опыт 1-3 года Можно удалённо,ТОО ECPK IT,https://spb.hh.ru/vacancy/136361266?query=%D0%90%D0%BD%D0%B0%D0%BB%D0%B8%D1%82%D0%B8%D0%BA+%D0%B4%D0%B0%D0%BD%D0%BD%D1%8B%D1%85&hhtmFrom=vacancy_search_list,,,,
Аналитик,Опыт 1-3 года Можно удалённо,ТОО Торговая Компания Мегаполис-Казахстан,https://spb.hh.ru/vacancy/136149468?query=%D0%90%D0%BD%D0%B0%D0%BB%D0%B8%D1%82%D0%B8%D0%BA+%D0%B4%D0%B0%D0%BD%D0%BD%D1%8B%D1%85&hhtmFrom=vacancy_search_list,,,,
Продуктовый аналитик/middle product analyst,Опыт 1-3 года Можно удалённо,ООО Онлайн-школа Фоксфорд,https://spb.hh.ru/vacancy/136257964?query=%D0%90%D0%BD%D0%B0%D0%BB%D0%B8%D1%82%D0%B8%D0%BA+%D0%B4%D0%B0%D0%BD%D0%BD%D1%8B%D1%85&hhtmFrom=vacancy_search_list,,,,
Junior Системный аналитик,"от 70 000 ₽ за месяц, на руки Без опыта Можно удалённо",ООО Торговый Дом Максима,https://spb.hh.ru/vacancy/135953674?query=%D0%90%D0%BD%D0%B0%D0%BB%D0%B8%D1%82%D0%B8%D0%BA+%D0%B4%D0%B0%D0%BD%D0%BD%D1%8B%D1%85&hhtmFrom=vacancy_search_list,70000.0,,RUB,70000.0
Финансовый аналитик,"от 60 000 ₽ за месяц, до вычета налогов Опыт 1-3 года Можно удалённо Выплаты: Два раза в месяц",Кортизол,https://spb.hh.ru/vacancy/136424370?query=%D0%90%D0%BD%D0%B0%D0%BB%D0%B8%D1%82%D0%B8%D0%BA+%D0%B4%D0%B0%D0%BD%D0%BD%D1%8B%D1%85&hhtmFrom=vacancy_search_list,60000.0,,RUB,60000.0
Аналитик-разработчик Power BI,Опыт 1-3 года Можно удалённо,ООО Тапир,https://spb.hh.ru/vacancy/136076692?query=%D0%90%D0%BD%D0%B0%D0%BB%D0%B8%D1%82%D0%B8%D0%BA+%D0%B4%D0%B0%D0%BD%D0%BD%D1%8B%D1%85&hhtmFrom=vacancy_search_list,,,,
Бизнес-аналитик по интеграции и отчетности (ERP/BW/BI),Опыт 1-3 года Можно удалённо,ООО ИК СИБИНТЕК,https://spb.hh.ru/vacancy/135157181?query=%D0%90%D0%BD%D0%B0%D0%BB%D0%B8%D1%82%D0%B8%D0%BA+%D0%B4%D0%B0%D0%BD%D0%BD%D1%8B%D1%85&hhtmFrom=vacancy_search_list,,,,
Middle Data Analyst,Опыт 1-3 года Можно удалённо,Adviva,https://spb.hh.ru/vacancy/136086816?query=%D0%90%D0%BD%D0%B0%D0%BB%D0%B8%D1%82%D0%B8%D0%BA+%D0%B4%D0%B0%D0%BD%D0%BD%D1%8B%D1%85&hhtmFrom=vacancy_search_list,,,,
Аналитик спортивных событий / Спортивный трейдер (с поддержкой ИИ и разработчиков),"50 000 – 100 000 ₽ за месяц, на руки Без опыта Можно удалённо Выплаты: Два раза в месяц",ООО Озоникс,https://spb.hh.ru/vacancy/136182015?query=%D0%90%D0%BD%D0%B0%D0%BB%D0%B8%D1%82%D0%B8%D0%BA+%D0%B4%D0%B0%D0%BD%D0%BD%D1%8B%D1%85&hhtmFrom=vacancy_search_list,50000.0,100000.0,RUB,75000.0
Аналитик данных (Data Analyst),Опыт 1-3 года Можно удалённо,Совков Артем Вадимович,https://spb.hh.ru/vacancy/136092227?query=%D0%90%D0%BD%D0%B0%D0%BB%D0%B8%D1%82%D0%B8%D0%BA+%D0%B4%D0%B0%D0%BD%D0%BD%D1%8B%D1%85&hhtmFrom=vacancy_search_list,,,,
Аналитик данных / Data Analyst Управление модельных рисков и валидации,Опыт 1-3 года Можно удалённо,"Банк ВТБ (ПАО), Технологический блок",https://spb.hh.ru/vacancy/136328667?query=%D0%90%D0%BD%D0%B0%D0%BB%D0%B8%D1%82%D0%B8%D0%BA+%D0%B4%D0%B0%D0%BD%D0%BD%D1%8B%D1%85&hhtmFrom=vacancy_search_list,,,,
Менеджер по маркетинговой аналитике,"до 100 000 ₽ за месяц, до вычета налогов Опыт 1-3 года Можно удалённо Выплаты: Два раза в месяц",ООО Нита-Фарм,https://spb.hh.ru/vacancy/135909974?query=%D0%90%D0%BD%D0%B0%D0%BB%D0%B8%D1%82%D0%B8%D0%BA+%D0%B4%D0%B0%D0%BD%D0%BD%D1%8B%D1%85&hhtmFrom=vacancy_search_list,,100000.0,RUB,100000.0
Продуктовый аналитик для команды роста,Опыт 1-3 года Можно удалённо,Альфа-Банк. ИТ-специалисты,https://spb.hh.ru/vacancy/136051479?query=%D0%90%D0%BD%D0%B0%D0%BB%D0%B8%D1%82%D0%B8%D0%BA+%D0%B4%D0%B0%D0%BD%D0%BD%D1%8B%D1%85&hhtmFrom=vacancy_search_list,,,,
Бизнес-аналитик,Опыт 1-3 года Можно удалённо,CarMoney (Smart Tech Group),https://spb.hh.ru/vacancy/136298272?query=%D0%90%D0%BD%D0%B0%D0%BB%D0%B8%D1%82%D0%B8%D0%BA+%D0%B4%D0%B0%D0%BD%D0%BD%D1%8B%D1%85&hhtmFrom=vacancy_search_list,,,,
Аналитик-исследователь / Research & Data Analyst,"от 150 000 ₽ за месяц, на руки Опыт 1-3 года Можно удалённо Выплаты: Два раза в месяц",ООО Эрденфарм,https://spb.hh.ru/vacancy/135857540?query=%D0%90%D0%BD%D0%B0%D0%BB%D0%B8%D1%82%D0%B8%D0%BA+%D0%B4%D0%B0%D0%BD%D0%BD%D1%8B%D1%85&hhtmFrom=vacancy_search_list,150000.0,,RUB,150000.0
Помощник маркетолога (таблицы и аналитика),"25 000 – 40 000 ₽ за месяц, на руки Опыт 1-3 года Можно удалённо","Вайб, Онлайн-Школа ЕГЭ",https://spb.hh.ru/vacancy/136109836?query=%D0%90%D0%BD%D0%B0%D0%BB%D0%B8%D1%82%D0%B8%D0%BA+%D0%B4%D0%B0%D0%BD%D0%BD%D1%8B%D1%85&hhtmFrom=vacancy_search_list,25000.0,40000.0,RUB,32500.0
Аналитик DWH,"до 150 000 ₽ за месяц, до вычета налогов Опыт 1-3 года Можно удалённо",DDPlanet,https://spb.hh.ru/vacancy/134971462?query=%D0%90%D0%BD%D0%B0%D0%BB%D0%B8%D1%82%D0%B8%D0%BA+%D0%B4%D0%B0%D0%BD%D0%BD%D1%8B%D1%85&hhtmFrom=vacancy_search_list,,150000.0,RUB,150000.0
Аналитик маркетплейсов / Аналитик на OZON,"50 000 – 80 000 ₽ за месяц, на руки Без опыта Можно удалённо",SR 366 (ИП Прошкина Виктория Мансуровна),https://spb.hh.ru/vacancy/135851131?query=%D0%90%D0%BD%D0%B0%D0%BB%D0%B8%D1%82%D0%B8%D0%BA+%D0%B4%D0%B0%D0%BD%D0%BD%D1%8B%D1%85&hhtmFrom=vacancy_search_list,50000.0,80000.0,RUB,65000.0
Специалист по контролю отчетности и анализу KPI (Бизнес-аналитика),"600 – 800 $ за месяц, на руки Опыт 1-3 года Можно удалённо",ООО Бэкофис Тайгерс,https://spb.hh.ru/vacancy/135837600?query=%D0%90%D0%BD%D0%B0%D0%BB%D0%B8%D1%82%D0%B8%D0%BA+%D0%B4%D0%B0%D0%BD%D0%BD%D1%8B%D1%85&hhtmFrom=vacancy_search_list,600.0,800.0,USD,700.0
Python-разработчик / бизнес-аналитик по автоматизации бизнес-процессов,Опыт 1-3 года Можно удалённо,Honex Auto,https://spb.hh.ru/vacancy/135958850?query=%D0%90%D0%BD%D0%B0%D0%BB%D0%B8%D1%82%D0%B8%D0%BA+%D0%B4%D0%B0%D0%BD%D0%BD%D1%8B%D1%85&hhtmFrom=vacancy_search_list,,,,
Data Analyst (Middle),Опыт 1-3 года Можно удалённо,Polonium Arts,https://spb.hh.ru/vacancy/136034338?query=%D0%90%D0%BD%D0%B0%D0%BB%D0%B8%D1%82%D0%B8%D0%BA+%D0%B4%D0%B0%D0%BD%D0%BD%D1%8B%D1%85&hhtmFrom=vacancy_search_list,,,,
"Бизнес-ассистент операционного директора (аналитика, AI, e-commerce)",Опыт 1-3 года Можно удалённо,ООО Qnits,https://spb.hh.ru/vacancy/135930901?query=%D0%90%D0%BD%D0%B0%D0%BB%D0%B8%D1%82%D0%B8%D0%BA+%D0%B4%D0%B0%D0%BD%D0%BD%D1%8B%D1%85&hhtmFrom=vacancy_search_list,,,,
Аналитик данных в программирование,Опыт 1-3 года Можно удалённо,ООО Онлайн-школа Фоксфорд,https://spb.hh.ru/vacancy/134724597?query=%D0%90%D0%BD%D0%B0%D0%BB%D0%B8%D1%82%D0%B8%D0%BA+%D0%B4%D0%B0%D0%BD%D0%BD%D1%8B%D1%85&hhtmFrom=vacancy_search_list,,,,
Специалист по контролю отчетности и анализу KPI (Бизнес-аналитика),"600 – 800 $ за месяц, на руки Опыт 1-3 года Можно удалённо",ООО Бэкофис Тайгерс,https://spb.hh.ru/vacancy/135837601?query=%D0%90%D0%BD%D0%B0%D0%BB%D0%B8%D1%82%D0%B8%D0%BA+%D0%B4%D0%B0%D0%BD%D0%BD%D1%8B%D1%85&hhtmFrom=vacancy_search_list,600.0,800.0,USD,700.0
Системный аналитик,Опыт 1-3 года Можно удалённо,ООО СК «Росгосстрах Жизнь»,https://spb.hh.ru/vacancy/135856081?query=%D0%90%D0%BD%D0%B0%D0%BB%D0%B8%D1%82%D0%B8%D0%BA+%D0%B4%D0%B0%D0%BD%D0%BD%D1%8B%D1%85&hhtmFrom=vacancy_search_list,,,,
Аналитик дроп-доменов,"от 1 000 $ за месяц, на руки Опыт 1-3 года Можно удалённо Выплаты: Два раза в месяц",Малиновский Константин,https://spb.hh.ru/vacancy/136053670?query=%D0%90%D0%BD%D0%B0%D0%BB%D0%B8%D1%82%D0%B8%D0%BA+%D0%B4%D0%B0%D0%BD%D0%BD%D1%8B%D1%85&hhtmFrom=vacancy_search_list,1000.0,,USD,1000.0
Middle Data Analyst,Опыт 1-3 года Можно удалённо,Korzinka (Anglesey food),https://spb.hh.ru/vacancy/136059545?query=%D0%90%D0%BD%D0%B0%D0%BB%D0%B8%D1%82%D0%B8%D0%BA+%D0%B4%D0%B0%D0%BD%D0%BD%D1%8B%D1%85&hhtmFrom=vacancy_search_list,,,,
Товарный аналитик маркетплейсов,"150 000 – 200 000 ₽ за месяц, до вычета налогов Опыт 1-3 года Можно удалённо Выплаты: Раз в месяц",ORTAN,https://spb.hh.ru/vacancy/135884028?query=%D0%90%D0%BD%D0%B0%D0%BB%D0%B8%D1%82%D0%B8%D0%BA+%D0%B4%D0%B0%D0%BD%D0%BD%D1%8B%D1%85&hhtmFrom=vacancy_search_list,,150000.0,RUB,150000.0
Системный аналитик,"110 000 – 140 000 ₽ за месяц, до вычета налогов Опыт 1-3 года Можно удалённо Выплаты: Два раза в месяц",ООО ГРАН ЛИМИТЕД,https://spb.hh.ru/vacancy/135981404?query=%D0%90%D0%BD%D0%B0%D0%BB%D0%B8%D1%82%D0%B8%D0%BA+%D0%B4%D0%B0%D0%BD%D0%BD%D1%8B%D1%85&hhtmFrom=vacancy_search_list,,110000.0,RUB,110000.0
Системный аналитик,"110 000 – 140 000 ₽ за месяц, до вычета налогов Опыт 1-3 года Можно удалённо Выплаты: Два раза в месяц",ООО ГРАН ЛИМИТЕД,https://spb.hh.ru/vacancy/135981405?query=%D0%90%D0%BD%D0%B0%D0%BB%D0%B8%D1%82%D0%B8%D0%BA+%D0%B4%D0%B0%D0%BD%D0%BD%D1%8B%D1%85&hhtmFrom=vacancy_search_list,,110000.0,RUB,110000.0
Digital manager / SEO менеджер / Специалист по веб-аналитике и техническому аудиту,"140 000 – 180 000 ₽ за месяц, на руки Опыт 1-3 года Можно удалённо Выплаты: Два раза в месяц",ООО АВД,https://spb.hh.ru/vacancy/135909070?query=%D0%90%D0%BD%D0%B0%D0%BB%D0%B8%D1%82%D0%B8%D0%BA+%D0%B4%D0%B0%D0%BD%D0%BD%D1%8B%D1%85&hhtmFrom=vacancy_search_list,140000.0,180000.0,RUB,160000.0
"Аналитик 1С (БИТ ФИНАНС, БП, ЗУП)","до 200 000 ₽ за месяц, на руки Опыт 1-3 года Можно удалённо Выплаты: Два раза в месяц",RFL,https://spb.hh.ru/vacancy/136130545?query=%D0%90%D0%BD%D0%B0%D0%BB%D0%B8%D1%82%D0%B8%D0%BA+%D0%B4%D0%B0%D0%BD%D0%BD%D1%8B%D1%85&hhtmFrom=vacancy_search_list,,200000.0,RUB,200000.0
Консультант-аналитик 1С,"70 000 – 120 000 ₽ за месяц, до вычета налогов Опыт 1-3 года Можно удалённо",ООО ПРОФ-ИТ,https://spb.hh.ru/vacancy/136776230?query=%D0%90%D0%BD%D0%B0%D0%BB%D0%B8%D1%82%D0%B8%D0%BA+%D0%B4%D0%B0%D0%BD%D0%BD%D1%8B%D1%85&hhtmFrom=vacancy_search_list,,70000.0,RUB,70000.0
Таможенный аналитик,"130 000 – 180 000 ₽ за месяц, на руки Опыт 1-3 года Можно удалённо Выплаты: Два раза в месяц",ChinaToday,https://spb.hh.ru/vacancy/135667381?query=%D0%90%D0%BD%D0%B0%D0%BB%D0%B8%D1%82%D0%B8%D0%BA+%D0%B4%D0%B0%D0%BD%D0%BD%D1%8B%D1%85&hhtmFrom=vacancy_search_list,130000.0,180000.0,RUB,155000.0
Консультант-аналитик Microsoft Dynamics AX,Опыт 1-3 года Можно удалённо,Аби,https://spb.hh.ru/vacancy/135717544?query=%D0%90%D0%BD%D0%B0%D0%BB%D0%B8%D1%82%D0%B8%D0%BA+%D0%B4%D0%B0%D0%BD%D0%BD%D1%8B%D1%85&hhtmFrom=vacancy_search_list,,,,
Трейдер-аналитик (Московская биржа / Срочный рынок),"от 200 000 ₽ за месяц, на руки Опыт 1-3 года Можно удалённо Выплаты: Два раза в месяц",HR.Vision,https://spb.hh.ru/vacancy/136560481?query=%D0%90%D0%BD%D0%B0%D0%BB%D0%B8%D1%82%D0%B8%D0%BA+%D0%B4%D0%B0%D0%BD%D0%BD%D1%8B%D1%85&hhtmFrom=vacancy_search_list,200000.0,,RUB,200000.0
Консультант 1С \ Аналитик 1С (удаленно),Опыт 1-3 года Можно удалённо,Odyssey Consulting Group,https://spb.hh.ru/vacancy/135227074?query=%D0%90%D0%BD%D0%B0%D0%BB%D0%B8%D1%82%D0%B8%D0%BA+%D0%B4%D0%B0%D0%BD%D0%BD%D1%8B%D1%85&hhtmFrom=vacancy_search_list,,,,
Аналитик 1С (затраты и расчёт себестоимости). Middle/ Senior,"200 000 – 300 000 ₽ за месяц, до вычета налогов Опыт 1-3 года Можно удалённо Выплаты: Два раза в месяц",ООО РостДжоб,https://spb.hh.ru/vacancy/135831139?query=%D0%90%D0%BD%D0%B0%D0%BB%D0%B8%D1%82%D0%B8%D0%BA+%D0%B4%D0%B0%D0%BD%D0%BD%D1%8B%D1%85&hhtmFrom=vacancy_search_list,,200000.0,RUB,200000.0
Аналитик 1С (складской учёт в ERP). Middle/ Senior,"200 000 – 300 000 ₽ за месяц, на руки Опыт 1-3 года Можно удалённо",ООО РостДжоб,https://spb.hh.ru/vacancy/135830874?query=%D0%90%D0%BD%D0%B0%D0%BB%D0%B8%D1%82%D0%B8%D0%BA+%D0%B4%D0%B0%D0%BD%D0%BD%D1%8B%D1%85&hhtmFrom=vacancy_search_list,200000.0,300000.0,RUB,250000.0
Аналитик 1С (казначейство: наличные ДС и эквайринг) Middle/ Senior,"200 000 – 300 000 ₽ за месяц, на руки Опыт 1-3 года Можно удалённо Выплаты: Два раза в месяц",ООО РостДжоб,https://spb.hh.ru/vacancy/135828746?query=%D0%90%D0%BD%D0%B0%D0%BB%D0%B8%D1%82%D0%B8%D0%BA+%D0%B4%D0%B0%D0%BD%D0%BD%D1%8B%D1%85&hhtmFrom=vacancy_search_list,200000.0,300000.0,RUB,250000.0
Mobile Media Buyer (Google UAC / Meta),Опыт 1-3 года Можно удалённо,Crezu,https://spb.hh.ru/vacancy/136607305?query=%D0%90%D0%BD%D0%B0%D0%BB%D0%B8%D1%82%D0%B8%D0%BA+%D0%B4%D0%B0%D0%BD%D0%BD%D1%8B%D1%85&hhtmFrom=vacancy_search_list,,,,
Старший аналитик/консультант по информационной безопасности,Опыт 1-3 года Можно удалённо,АльфаСтрахование. ИТ,https://spb.hh.ru/vacancy/136145822?query=%D0%90%D0%BD%D0%B0%D0%BB%D0%B8%D1%82%D0%B8%D0%BA+%D0%B4%D0%B0%D0%BD%D0%BD%D1%8B%D1%85&hhtmFrom=vacancy_search_list,,,,
Системный аналитик (Внедрение ЦФТ),Опыт 1-3 года Можно удалённо,АО Банк ДОМ.РФ IT,https://spb.hh.ru/vacancy/136491236?query=%D0%90%D0%BD%D0%B0%D0%BB%D0%B8%D1%82%D0%B8%D0%BA+%D0%B4%D0%B0%D0%BD%D0%BD%D1%8B%D1%85&hhtmFrom=vacancy_search_list,,,,
Аналитик/Разработчик AI,Опыт 1-3 года Можно удалённо,Лига Цифровой Экономики,https://spb.hh.ru/vacancy/135526891?query=%D0%90%D0%BD%D0%B0%D0%BB%D0%B8%D1%82%D0%B8%D0%BA+%D0%B4%D0%B0%D0%BD%D0%BD%D1%8B%D1%85&hhtmFrom=vacancy_search_list,,,,
Аналитик/Инженер внедрения ITсистем,Опыт 1-3 года Можно удалённо,ООО ИК СИБИНТЕК,https://spb.hh.ru/vacancy/134742626?query=%D0%90%D0%BD%D0%B0%D0%BB%D0%B8%D1%82%D0%B8%D0%BA+%D0%B4%D0%B0%D0%BD%D0%BD%D1%8B%D1%85&hhtmFrom=vacancy_search_list,,,,
Middle Strategy Manager (Mobile),Опыт 1-3 года Можно удалённо,Mobio,https://spb.hh.ru/vacancy/135638500?query=%D0%90%D0%BD%D0%B0%D0%BB%D0%B8%D1%82%D0%B8%D0%BA+%D0%B4%D0%B0%D0%BD%D0%BD%D1%8B%D1%85&hhtmFrom=vacancy_search_list,,,,
Middle data scientist (модели ценообразования),Опыт 1-3 года Можно удалённо,Альфа-Банк. Центральный офис,https://spb.hh.ru/vacancy/135359356?query=%D0%90%D0%BD%D0%B0%D0%BB%D0%B8%D1%82%D0%B8%D0%BA+%D0%B4%D0%B0%D0%BD%D0%BD%D1%8B%D1%85&hhtmFrom=vacancy_search_list,,,,
Бизнес-аналитик по развитию корпоративных систем 1С,Опыт 1-3 года Можно удалённо Выплаты: Два раза в месяц,ООО Холдинг Аква,https://spb.hh.ru/vacancy/136296463?query=%D0%90%D0%BD%D0%B0%D0%BB%D0%B8%D1%82%D0%B8%D0%BA+%D0%B4%D0%B0%D0%BD%D0%BD%D1%8B%D1%85&hhtmFrom=vacancy_search_list,,,,
Ведущий аналитик 1С:WMS Логистика,Опыт 1-3 года Можно удалённо Подработка,Компания КомЛайн,https://spb.hh.ru/vacancy/136291092?query=%D0%90%D0%BD%D0%B0%D0%BB%D0%B8%D1%82%D0%B8%D0%BA+%D0%B4%D0%B0%D0%BD%D0%BD%D1%8B%D1%85&hhtmFrom=vacancy_search_list,,,,
Data Engineer,Опыт 1-3 года Можно удалённо,ИП Филиппович Вячеслав Васильевич,https://spb.hh.ru/vacancy/135782897?query=%D0%90%D0%BD%D0%B0%D0%BB%D0%B8%D1%82%D0%B8%D0%BA+%D0%B4%D0%B0%D0%BD%D0%BD%D1%8B%D1%85&hhtmFrom=vacancy_search_list,,,,
Middle Системный аналитик (Сбер УБ),Опыт 1-3 года Можно удалённо,ООО ИЦ АЙ-ТЕКО,https://spb.hh.ru/vacancy/136219182?query=%D0%90%D0%BD%D0%B0%D0%BB%D0%B8%D1%82%D0%B8%D0%BA+%D0%B4%D0%B0%D0%BD%D0%BD%D1%8B%D1%85&hhtmFrom=vacancy_search_list,,,,
Менеджер продукта / Системный аналитик 1С-Битрикс / Битрикс24,Опыт 1-3 года Можно удалённо,Пономарев Андрей Юрьевич,https://spb.hh.ru/vacancy/136217206?query=%D0%90%D0%BD%D0%B0%D0%BB%D0%B8%D1%82%D0%B8%D0%BA+%D0%B4%D0%B0%D0%BD%D0%BD%D1%8B%D1%85&hhtmFrom=vacancy_search_list,,,,
Системный аналитик 1С,Опыт 1-3 года Можно удалённо,МТС Банк. IT,https://spb.hh.ru/vacancy/136200744?query=%D0%90%D0%BD%D0%B0%D0%BB%D0%B8%D1%82%D0%B8%D0%BA+%D0%B4%D0%B0%D0%BD%D0%BD%D1%8B%D1%85&hhtmFrom=vacancy_search_list,,,,
Аналитик 1С Бухгалтерия,Опыт 1-3 года Можно удалённо,СберРешения,https://spb.hh.ru/vacancy/136226400?query=%D0%90%D0%BD%D0%B0%D0%BB%D0%B8%D1%82%D0%B8%D0%BA+%D0%B4%D0%B0%D0%BD%D0%BD%D1%8B%D1%85&hhtmFrom=vacancy_search_list,,,,
"1С аналитик, группа по разработке программных продуктов в области налогообложения",Опыт 1-3 года Можно удалённо,"Kept, Технологическая практика",https://spb.hh.ru/vacancy/134451946?query=%D0%90%D0%BD%D0%B0%D0%BB%D0%B8%D1%82%D0%B8%D0%BA+%D0%B4%D0%B0%D0%BD%D0%BD%D1%8B%D1%85&hhtmFrom=vacancy_search_list,,,,
"1С аналитик, группа по разработке программных продуктов в области налогообложения",Опыт 1-3 года Можно удалённо,"Kept, Технологическая практика",https://spb.hh.ru/vacancy/134451944?query=%D0%90%D0%BD%D0%B0%D0%BB%D0%B8%D1%82%D0%B8%D0%BA+%D0%B4%D0%B0%D0%BD%D0%BD%D1%8B%D1%85&hhtmFrom=vacancy_search_list,,,,
"1С аналитик, группа по разработке программных продуктов в области налогообложения",Опыт 1-3 года Можно удалённо,"Kept, Технологическая практика",https://spb.hh.ru/vacancy/134451943?query=%D0%90%D0%BD%D0%B0%D0%BB%D0%B8%D1%82%D0%B8%D0%BA+%D0%B4%D0%B0%D0%BD%D0%BD%D1%8B%D1%85&hhtmFrom=vacancy_search_list,,,,
"1С аналитик, группа по разработке программных продуктов в области налогообложения",Опыт 1-3 года Можно удалённо,"Kept, Технологическая практика",https://spb.hh.ru/vacancy/134451945?query=%D0%90%D0%BD%D0%B0%D0%BB%D0%B8%D1%82%D0%B8%D0%BA+%D0%B4%D0%B0%D0%BD%D0%BD%D1%8B%D1%85&hhtmFrom=vacancy_search_list,,,,
Аналитик-консультант 1С (производство и планирование),Без опыта Можно удалённо,LAB Industries,https://spb.hh.ru/vacancy/135233056?query=%D0%90%D0%BD%D0%B0%D0%BB%D0%B8%D1%82%D0%B8%D0%BA+%D0%B4%D0%B0%D0%BD%D0%BD%D1%8B%D1%85&hhtmFrom=vacancy_search_list,,,,
Performance Marketing Manager (Mobile / Subscription),Опыт 1-3 года Можно удалённо,ИП Фетисов Павел Александрович,https://spb.hh.ru/vacancy/136190112?query=%D0%90%D0%BD%D0%B0%D0%BB%D0%B8%D1%82%D0%B8%D0%BA+%D0%B4%D0%B0%D0%BD%D0%BD%D1%8B%D1%85&hhtmFrom=vacancy_search_list,,,,
Аналитик - консультант 1С,Опыт 1-3 года Можно удалённо Выплаты: Два раза в месяц,ООО ТК ЯРВЕТ,https://spb.hh.ru/vacancy/136115983?query=%D0%90%D0%BD%D0%B0%D0%BB%D0%B8%D1%82%D0%B8%D0%BA+%D0%B4%D0%B0%D0%BD%D0%BD%D1%8B%D1%85&hhtmFrom=vacancy_search_list,,,,
Бизнес-аналитик на проект внедрения 1С:ERP,Опыт 1-3 года Можно удалённо,Холдинг «Аэропорты Регионов»,https://spb.hh.ru/vacancy/135181625?query=%D0%90%D0%BD%D0%B0%D0%BB%D0%B8%D1%82%D0%B8%D0%BA+%D0%B4%D0%B0%D0%BD%D0%BD%D1%8B%D1%85&hhtmFrom=vacancy_search_list,,,,
Аналитик 1С:ЗУП- Методолог,Опыт 1-3 года Можно удалённо,Эн+,https://spb.hh.ru/vacancy/136059290?query=%D0%90%D0%BD%D0%B0%D0%BB%D0%B8%D1%82%D0%B8%D0%BA+%D0%B4%D0%B0%D0%BD%D0%BD%D1%8B%D1%85&hhtmFrom=vacancy_search_list,,,,
Аналитик 1С (трайб Core IT),Опыт 1-3 года Можно удалённо,ОТП Банк. IT,https://spb.hh.ru/vacancy/133546808?query=%D0%90%D0%BD%D0%B0%D0%BB%D0%B8%D1%82%D0%B8%D0%BA+%D0%B4%D0%B0%D0%BD%D0%BD%D1%8B%D1%85&hhtmFrom=vacancy_search_list,,,,
Аналитик Отдела защиты конфиденциальной информации,Опыт 1-3 года Можно удалённо,АО Азиатско-Тихоокеанский Банк,https://spb.hh.ru/vacancy/135855917?query=%D0%90%D0%BD%D0%B0%D0%BB%D0%B8%D1%82%D0%B8%D0%BA+%D0%B4%D0%B0%D0%BD%D0%BD%D1%8B%D1%85&hhtmFrom=vacancy_search_list,,,,
DevOps-инженер (Mobile),Опыт 1-3 года Можно удалённо,АО Азиатско-Тихоокеанский Банк,https://spb.hh.ru/vacancy/135984865?query=%D0%90%D0%BD%D0%B0%D0%BB%D0%B8%D1%82%D0%B8%D0%BA+%D0%B4%D0%B0%D0%BD%D0%BD%D1%8B%D1%85&hhtmFrom=vacancy_search_list,,,,
ASO Mobile специалист | ASO менеджер,Без опыта Можно удалённо Выплаты: Два раза в месяц,Геймдев Клуб,https://spb.hh.ru/vacancy/135828131?query=%D0%90%D0%BD%D0%B0%D0%BB%D0%B8%D1%82%D0%B8%D0%BA+%D0%B4%D0%B0%D0%BD%D0%BD%D1%8B%D1%85&hhtmFrom=vacancy_search_list,,,,
ASO Mobile специалист | ASO менеджер,Без опыта Можно удалённо Выплаты: Два раза в месяц,Геймдев Клуб,https://spb.hh.ru/vacancy/135828132?query=%D0%90%D0%BD%D0%B0%D0%BB%D0%B8%D1%82%D0%B8%D0%BA+%D0%B4%D0%B0%D0%BD%D0%BD%D1%8B%D1%85&hhtmFrom=vacancy_search_list,,,,
